,nome,estado,regiao,partido,ideologia,n_prod_leg,n_fisc,n_mobi,n_alin_partd,avg_site1,nota_site2
0,abou anni,São Paulo,sudeste,UNIÃO,direita,3.8,0.9,2.4,6.4,2.8529413,6.55
1,acacio favacho,Amapá,norte,MDB,centro,2.6,0.2,2.1,6.4,2.0294118,6.12
2,adolfo viana,Bahia,nordeste,PSDB,centro,2.8,0.9,2.4,5.5,2.3294117,6.82
3,adriana ventura,São Paulo,sudeste,NOVO,direita,6.4,2.9,7.3,10.0,5.7411766,8.24
4,adriano do baldy,Goiás,centro oeste,PP,direita,2.3,0.0,2.1,10.0,2.0411766,6.82
5,aecio neves,Minas Gerais,sudeste,PSDB,centro,2.4,0.0,2.1,7.3,1.9294118,5.84
6,aelton freitas,Minas Gerais,sudeste,PP,direita,1.6,0.7,0.9,9.1,1.6529412,5.99
7,afonso florence,Bahia,nordeste,PT,esquerda,4.8,2.7,4.8,9.1,4.435294,2.7
8,afonso hamm,Rio Grande do Sul,sul,PP,direita,2.2,1.6,3.3,7.3,2.517647,6.67
9,afonso motta,Rio Grande do Sul,sul,PDT,esquerda,3.5,1.3,3.0,5.5,2.8823528,3.39
10,airton faleiro,Pará,norte,PT,esquerda,4.7,3.5,6.1,7.3,4.747059,2.93
11,aj albuquerque,Ceará,nordeste,PP,direita,2.3,0.2,2.4,10.0,2.1529412,6.7
12,alceu moreira,Rio Grande do Sul,sul,MDB,centro,3.3,2.4,2.1,7.3,3.0588236,6.21
13,alcides rodrigues,Goiás,centro oeste,PATRIOTA,direita,1.6,0.4,2.1,8.2,1.7235295,6.16
14,ale silva,Minas Gerais,sudeste,REPUBLICANOS,direita,5.7,1.5,3.6,7.3,4.1882353,7.39
15,alessandro molon,Rio de Janeiro,sudeste,PSB,esquerda,6.0,5.6,5.2,7.3,5.817647,3.06
16,alex manente,São Paulo,sudeste,CIDADANIA,centro,3.2,2.4,3.0,8.2,3.2235293,8.29
17,alex santana,Bahia,nordeste,REPUBLICANOS,direita,3.3,1.1,2.1,0.9,2.3,6.13
18,alexandre frota,São Paulo,sudeste,PSDB,centro,5.9,1.3,4.8,0.9,4.0588236,5.04
19,alexandre leite,São Paulo,sudeste,UNIÃO,direita,3.2,1.3,2.4,9.1,2.8470588,6.84
20,alexandre padilha,São Paulo,sudeste,PT,esquerda,7.7,3.6,7.6,9.1,6.5588236,2.84
21,alexis fonteyne,São Paulo,sudeste,NOVO,direita,5.3,2.9,5.8,10.0,4.9588237,7.87
22,alice portugal,Bahia,nordeste,PCdoB,esquerda,5.3,4.0,7.6,9.1,5.547059,2.85
23,aliel machado,Paraná,sul,PV,esquerda,4.3,3.5,3.9,6.4,4.117647,3.07
24,aline gurgel,Amapá,norte,REPUBLICANOS,direita,4.4,2.0,4.8,6.4,3.8823528,5.56
25,aline sleutjes,Paraná,sul,PROS,centro,3.3,1.1,2.7,9.1,2.8882353,7.69
26,altineu cortes,Rio de Janeiro,sudeste,PL,direita,3.0,0.2,1.8,9.1,2.3235295,6.5
27,aluisio mendes,Maranhão,nordeste,PSC,direita,3.8,0.7,3.0,8.2,3.0058823,7.09
28,amaro neto,Espírito Santo,sudeste,REPUBLICANOS,direita,3.5,0.7,2.1,10.0,2.8117647,6.39
29,andre abdon,Amapá,norte,PP,direita,1.6,0.2,0.9,10.0,1.5588236,6.45
30,andre de paula,Pernambuco,nordeste,PSD,centro,3.4,0.4,2.1,6.4,2.464706,5.83
31,andre ferreira,Pernambuco,nordeste,PL,direita,2.0,0.0,1.8,8.2,1.7411765,5.93
32,andre figueiredo,Ceará,nordeste,PDT,esquerda,8.3,2.4,5.8,9.1,6.170588,3.51
33,andre fufuca,Maranhão,nordeste,PP,direita,2.4,0.2,1.5,10.0,2.0411766,5.62
34,andre janones,Minas Gerais,sudeste,AVANTE,centro,2.6,0.0,3.6,0.9,1.9117647,5.44
35,angela amin,Santa Catarina,sul,PP,direita,4.4,1.5,4.5,0.9,3.3588235,6.68
36,antonio brito,Bahia,nordeste,PSD,centro,3.3,1.8,4.2,6.4,3.2,6.75
37,arlindo chinaglia,São Paulo,sudeste,PT,esquerda,3.1,1.8,4.2,9.1,3.264706,3.1
38,arnaldo jardim,São Paulo,sudeste,CIDADANIA,centro,3.9,2.7,4.8,4.5,3.7411764,7.86
39,aroldo martins,Paraná,sul,REPUBLICANOS,direita,3.4,1.1,2.7,9.1,2.9352942,6.3
40,arthur lira,Alagoas,nordeste,PP,direita,2.7,0.7,0.9,0.9,1.6882353,6.02
41,arthur oliveira maia,Bahia,nordeste,UNIÃO,direita,2.2,0.9,2.1,7.3,2.1,6.33
42,atila lins,Amazonas,norte,PSD,centro,1.7,1.5,1.2,8.2,1.9352942,6.43
43,atila lira,Piauí,nordeste,PP,direita,2.2,0.2,2.4,0.9,1.5705882,6.03
44,augusto coutinho,Pernambuco,nordeste,REPUBLICANOS,direita,4.3,1.6,3.3,6.4,3.4529412,6.81
45,aurea carolina,Minas Gerais,sudeste,PSOL,esquerda,3.5,2.4,5.5,10.0,3.9117646,3.45
46,aureo ribeiro,Rio de Janeiro,sudeste,SOLIDARIEDADE,centro,5.8,2.5,6.7,2.7,4.8058825,5.47
47,bacelar,Bahia,nordeste,PV,esquerda,4.1,2.5,3.6,0.9,3.3529413,3.37
48,baleia rossi,São Paulo,sudeste,MDB,centro,3.5,0.7,1.5,9.1,2.6529412,5.6
49,benedita da silva,Rio de Janeiro,sudeste,PT,esquerda,5.7,2.5,6.1,9.1,5.029412,2.78
50,benes leocadio,Rio Grande do Norte,nordeste,UNIÃO,direita,3.8,0.2,2.7,8.2,2.8058825,6.55
51,beto faro,Pará,norte,PT,esquerda,3.4,3.3,4.5,9.1,3.9,2.98
52,beto pereira,Mato Grosso do Sul,centro oeste,PSDB,centro,2.5,1.1,3.0,4.5,2.2941177,6.03
53,beto rosado,Rio Grande do Norte,nordeste,PP,direita,2.8,1.8,1.2,9.1,2.5941176,5.43
54,bia kicis,Distrito Federal,centro oeste,PL,direita,4.4,1.5,3.3,7.3,3.5235295,7.49
55,bibo nunes,Rio Grande do Sul,sul,PL,direita,5.5,1.3,4.2,7.3,4.1411767,7.65
56,bilac pinto,Minas Gerais,sudeste,UNIÃO,direita,3.1,1.3,1.8,9.1,2.6941175,7.11
57,bira do pindare,Maranhão,nordeste,PSB,esquerda,5.9,1.8,6.7,3.6,4.7,3.15
58,bohn gass,Rio Grande do Sul,sul,PT,esquerda,5.1,4.7,5.5,9.1,5.288235,2.85
59,bosco costa,Sergipe,nordeste,PL,direita,5.0,2.5,4.2,8.2,4.3117647,6.58
60,bosco saraiva,Amazonas,norte,SOLIDARIEDADE,centro,2.0,0.7,1.8,6.4,1.8411765,6.51
61,bruna furlan,São Paulo,sudeste,PSDB,centro,1.8,1.6,1.5,0.9,1.6352941,5.72
62,caca leao,Bahia,nordeste,PP,direita,3.1,0.2,2.4,10.0,2.5294118,6.76
63,camilo capiberibe,Amapá,norte,PSB,esquerda,4.8,2.4,5.5,6.4,4.3117647,3.04
64,capitao alberto neto,Amazonas,norte,PL,direita,6.7,2.7,6.4,4.5,5.3411765,7.63
65,capitao augusto,São Paulo,sudeste,PL,direita,3.9,0.5,3.9,5.5,2.9941177,6.9
66,capitao fabio abreu,Piauí,nordeste,PSD,centro,2.7,0.4,2.7,5.5,2.1882353,5.25
67,capitao wagner,Ceará,nordeste,UNIÃO,direita,5.1,1.1,3.3,0.9,3.3588235,6.86
68,carla dickson,Rio Grande do Norte,nordeste,UNIÃO,direita,3.1,1.1,3.6,8.2,2.9,7.32
69,carla zambelli,São Paulo,sudeste,PL,direita,4.2,1.6,4.5,6.4,3.6176472,7.22
70,carlos bezerra,Mato Grosso,centro oeste,MDB,centro,4.7,0.7,3.6,5.5,3.3764706,5.48
71,carlos chiodini,Santa Catarina,sul,MDB,centro,4.0,1.5,2.4,5.5,3.0705884,6.58
72,carlos gomes,Rio Grande do Sul,sul,REPUBLICANOS,direita,2.7,1.1,2.1,9.1,2.5,6.54
73,carlos henrique gaguim,Tocantins,norte,UNIÃO,direita,5.1,1.6,5.5,6.4,4.217647,4.48
74,carlos jordy,Rio de Janeiro,sudeste,PL,direita,4.0,1.8,3.3,8.2,3.4764705,7.46
75,carlos sampaio,São Paulo,sudeste,PSDB,centro,4.2,2.5,2.7,1.8,3.2941177,7.08
76,carlos veras,Pernambuco,nordeste,PT,esquerda,4.9,2.9,6.1,9.1,4.7705884,2.94
77,carlos zarattini,São Paulo,sudeste,PT,esquerda,3.5,2.5,5.2,8.2,3.782353,2.93
78,carmen zanotto,Santa Catarina,sul,CIDADANIA,centro,7.0,3.6,9.1,4.5,6.2235293,7.3
79,caroline de toni,Santa Catarina,sul,PL,direita,4.7,0.4,3.6,5.5,3.2882352,7.54
80,cassio andrade,Pará,norte,PSB,esquerda,4.2,2.0,4.2,0.9,3.3588235,4.73
81,celina leao,Distrito Federal,centro oeste,PP,direita,5.1,1.1,4.2,8.2,3.947059,5.46
82,celio moura,Tocantins,norte,PT,esquerda,3.8,2.4,5.5,9.1,4.0,2.74
83,celio silveira,Goiás,centro oeste,MDB,centro,4.2,1.3,2.4,5.5,3.1058824,6.84
84,celio studart,Ceará,nordeste,PSD,centro,6.3,2.2,5.8,0.9,4.6882353,4.93
85,celso maldaner,Santa Catarina,sul,MDB,centro,3.6,0.9,2.4,7.3,2.8117647,6.57
86,celso russomanno,São Paulo,sudeste,REPUBLICANOS,direita,3.2,1.6,4.8,7.3,3.2529411,6.24
87,celso sabino,Pará,norte,UNIÃO,direita,4.5,1.6,3.9,3.6,3.4882352,6.14
88,cezinha de madureira,São Paulo,sudeste,PSD,centro,4.1,0.4,3.6,8.2,3.164706,6.45
89,charles fernandes,Bahia,nordeste,PSD,centro,3.6,0.9,2.7,0.9,2.4882352,5.76
90,charlles evangelista,Minas Gerais,sudeste,PP,direita,2.8,0.9,2.4,7.3,2.4352942,6.77
91,chico d'angelo,Rio de Janeiro,sudeste,PDT,esquerda,3.4,1.6,3.0,10.0,3.1882353,3.61
92,chiquinho brazao,Rio de Janeiro,sudeste,UNIÃO,direita,3.3,0.9,2.4,6.4,2.6176472,6.33
93,chris tonietto,Rio de Janeiro,sudeste,PL,direita,6.0,3.1,5.8,4.5,5.0235295,7.49
94,christiane de souza yared,Paraná,sul,PP,direita,3.6,0.0,2.1,4.5,2.3294117,6.47
95,christino aureo,Rio de Janeiro,sudeste,PP,direita,4.3,1.6,5.2,8.2,3.8941176,6.53
96,clarissa garotinho,Rio de Janeiro,sudeste,UNIÃO,direita,3.1,1.8,2.4,0.9,2.464706,4.92
97,claudio cajado,Bahia,nordeste,PP,direita,1.7,1.3,1.8,8.2,1.982353,6.29
98,cleber verde,Maranhão,nordeste,REPUBLICANOS,direita,4.1,1.3,4.2,9.1,3.5882354,6.3
99,coronel armando,Santa Catarina,sul,PL,direita,4.1,1.5,4.8,9.1,3.7529411,7.1
100,coronel chrisostomo,Rondônia,norte,PL,direita,3.3,0.5,4.5,9.1,3.0294118,7.33
101,coronel tadeu,São Paulo,sudeste,PL,direita,6.9,1.6,5.5,7.3,5.117647,7.1
102,covatti filho,Rio Grande do Sul,sul,PP,direita,1.1,1.3,1.2,9.1,1.6470588,7.26
103,cristiano vale,Pará,norte,PP,direita,1.9,1.5,1.2,9.1,2.0823529,5.6
104,da vitoria,Espírito Santo,sudeste,PP,direita,2.6,1.5,2.1,7.3,2.464706,7.21
105,dagoberto nogueira,Mato Grosso do Sul,centro oeste,PSDB,centro,5.2,1.5,4.2,6.4,4.0058823,2.95
106,damiao feliciano,Paraíba,nordeste,UNIÃO,direita,2.4,0.2,3.0,8.2,2.2,3.65
107,daniel almeida,Bahia,nordeste,PCdoB,esquerda,4.0,2.2,3.9,10.0,3.8058825,2.72
108,daniel coelho,Pernambuco,nordeste,CIDADANIA,centro,3.2,1.8,4.5,0.9,2.8823528,7.76
109,daniel freitas,Santa Catarina,sul,PL,direita,3.3,0.7,4.2,7.3,2.9294116,7.6
110,daniel silveira,Rio de Janeiro,sudeste,PTB,direita,3.6,0.9,4.8,8.2,3.2882352,7.03
111,daniel trzeciak,Rio Grande do Sul,sul,PSDB,centro,2.3,1.3,1.8,0.9,1.8352941,7.87
112,daniela do waguinho,Rio de Janeiro,sudeste,UNIÃO,direita,3.0,0.4,2.7,5.5,2.3294117,6.2
113,danilo cabral,Pernambuco,nordeste,PSB,esquerda,5.3,4.4,7.0,6.4,5.4,3.61
114,danilo forte,Ceará,nordeste,UNIÃO,direita,1.9,1.6,1.8,4.5,1.9470588,7.04
115,danrlei de deus hinterholz,Rio Grande do Sul,sul,PSD,centro,1.8,0.4,2.1,5.5,1.6588235,6.33
116,darci de matos,Santa Catarina,sul,PSD,centro,5.2,0.5,5.2,8.2,3.9941177,7.44
117,david miranda,Rio de Janeiro,sudeste,PDT,esquerda,4.0,3.8,4.8,8.2,4.329412,3.31
118,david soares,São Paulo,sudeste,UNIÃO,direita,5.3,2.7,3.6,3.6,4.135294,6.5
119,delegado antonio furtado,Rio de Janeiro,sudeste,UNIÃO,direita,4.3,0.0,3.0,0.9,2.6058824,6.36
120,delegado eder mauro,Pará,norte,PL,direita,3.0,0.0,2.4,6.4,2.2117648,7.03
121,delegado marcelo freitas,Minas Gerais,sudeste,UNIÃO,direita,4.8,0.9,2.7,7.3,3.4294116,7.06
122,delegado pablo,Amazonas,norte,UNIÃO,direita,4.2,2.0,4.2,8.2,3.7882352,6.81
123,delegado waldir,Goiás,centro oeste,UNIÃO,direita,4.5,0.9,3.0,1.8,3.017647,6.54
124,denis bezerra,Ceará,nordeste,PSB,esquerda,6.0,4.4,6.1,7.3,5.6235294,3.53
125,diego andrade,Minas Gerais,sudeste,PSD,centro,4.1,1.1,3.3,9.1,3.3705883,5.78
126,diego garcia,Paraná,sul,REPUBLICANOS,direita,5.3,3.3,5.5,0.9,4.4882355,7.31
127,dimas fabiano,Minas Gerais,sudeste,PP,direita,1.7,1.1,1.2,8.2,1.8176471,5.96
128,domingos neto,Ceará,nordeste,PSD,centro,2.5,0.9,2.4,9.1,2.4,5.83
129,domingos savio,Minas Gerais,sudeste,PL,direita,3.2,0.4,2.4,8.2,2.5294118,6.39
130,dr. agripino magalhaes,Ceará,nordeste,UNIÃO,direita,0.5,0.0,0.0,10.0,0.8235294,4.85
131,dr. frederico,Minas Gerais,sudeste,PATRIOTA,direita,3.6,1.6,4.8,7.3,3.4411764,6.16
132,dr. jaziel,Ceará,nordeste,PL,direita,4.2,1.6,3.0,4.5,3.2411764,6.48
133,dr. leonardo,Mato Grosso,centro oeste,REPUBLICANOS,direita,3.5,1.8,3.0,5.5,3.0294118,6.72
134,dr. luiz antonio teixeira jr.,Rio de Janeiro,sudeste,PP,direita,4.1,0.7,6.7,8.2,3.8,6.56
135,dr. luiz ovando,Mato Grosso do Sul,centro oeste,PP,direita,2.3,1.3,2.4,8.2,2.3705883,7.11
136,dr. zacharias calil,Goiás,centro oeste,UNIÃO,direita,4.5,1.1,4.8,6.4,3.664706,6.69
137,dra. soraya manato,Espírito Santo,sudeste,PTB,direita,7.6,1.3,7.3,8.2,5.7294116,7.51
138,dra. vanda milani,Acre,norte,PROS,centro,1.9,1.1,1.8,7.3,1.9647058,6.74
139,dulce miranda,Tocantins,norte,MDB,centro,2.6,1.6,3.3,5.5,2.6,6.07
140,edilazio junior,Maranhão,nordeste,PSD,centro,2.6,0.5,2.1,9.1,2.2764707,6.69
141,edio lopes,Roraima,norte,PL,direita,2.3,1.1,1.8,9.1,2.2588236,6.1
142,edna henrique,Paraíba,nordeste,REPUBLICANOS,direita,5.3,1.5,4.5,4.5,3.9941177,5.53
143,eduardo barbosa,Minas Gerais,sudeste,PSDB,centro,4.5,2.4,3.9,4.5,3.7764707,6.95
144,eduardo bismarck,Ceará,nordeste,PDT,esquerda,8.2,3.1,7.3,0.9,6.111765,3.9
145,eduardo bolsonaro,São Paulo,sudeste,PL,direita,2.5,1.8,2.1,8.2,2.5588236,7.23
146,eduardo costa,Pará,norte,PSD,centro,4.8,1.6,5.5,6.4,4.0764704,6.93
147,eduardo cury,São Paulo,sudeste,PSDB,centro,4.0,2.4,2.4,1.8,3.1176472,7.1
148,eduardo da fonte,Pernambuco,nordeste,PP,direita,4.4,1.8,3.3,7.3,3.6117647,5.36
149,efraim filho,Paraíba,nordeste,UNIÃO,direita,3.9,2.0,4.5,9.1,3.7529411,7.1
150,elcione barbalho,Pará,norte,MDB,centro,2.5,2.0,2.7,3.6,2.4529412,5.6
151,eli borges,Tocantins,norte,PL,direita,3.5,1.1,2.1,1.8,2.447059,5.74
152,eli correa filho,São Paulo,sudeste,UNIÃO,direita,2.5,0.2,2.1,9.1,2.1411765,6.77
153,elias vaz,Goiás,centro oeste,PSB,esquerda,4.5,6.0,5.8,4.5,5.170588,3.77
154,elmar nascimento,Bahia,nordeste,UNIÃO,direita,2.0,0.7,1.5,9.1,1.9470588,6.45
155,emanuel pinheiro neto,Mato Grosso,centro oeste,MDB,centro,4.2,2.0,4.2,1.8,3.4117646,5.62
156,emidinho madeira,Minas Gerais,sudeste,PL,direita,1.8,0.7,2.1,0.9,1.4764706,6.3
157,enio verri,Paraná,sul,PT,esquerda,5.0,4.9,5.2,9.1,5.247059,2.53
158,enrico misasi,São Paulo,sudeste,MDB,centro,3.8,1.6,2.4,0.9,2.735294,6.9
159,erika kokay,Distrito Federal,centro oeste,PT,esquerda,8.5,5.5,10.0,6.4,7.7588234,2.55
160,eros biondini,Minas Gerais,sudeste,PL,direita,1.9,1.8,1.8,4.5,2.0058823,6.78
161,euclydes pettersen,Minas Gerais,sudeste,PSC,direita,1.8,0.9,2.1,6.4,1.8588235,5.88
162,evair vieira de melo,Espírito Santo,sudeste,PP,direita,4.3,1.8,4.8,6.4,3.7764707,7.68
163,expedito netto,Rondônia,norte,PSD,centro,3.3,0.5,2.4,0.9,2.1764705,5.19
164,fabio henrique,Sergipe,nordeste,UNIÃO,direita,3.9,0.7,4.5,0.9,2.8882353,4.25
165,fabio ramalho,Minas Gerais,sudeste,MDB,centro,2.4,0.2,1.8,3.6,1.7176471,6.35
166,fabio reis,Sergipe,nordeste,PSD,centro,2.4,1.8,1.5,5.5,2.2470589,5.49
167,fabio schiochet,Santa Catarina,sul,UNIÃO,direita,2.6,0.9,1.8,8.2,2.2882352,7.03
168,fabio trad,Mato Grosso do Sul,centro oeste,PSD,centro,7.2,2.2,5.5,0.9,5.0588236,5.83
169,fausto pinato,São Paulo,sudeste,PP,direita,3.8,2.2,4.8,6.4,3.6588235,6.49
170,felicio laterca,Rio de Janeiro,sudeste,PP,direita,4.2,1.6,3.6,6.4,3.4588234,6.97
171,felipe carreras,Pernambuco,nordeste,PSB,esquerda,6.5,3.5,7.3,0.9,5.429412,6.81
172,felipe francischini,Paraná,sul,UNIÃO,direita,4.0,0.5,2.1,8.2,2.8823528,7.14
173,felipe rigoni,Espírito Santo,sudeste,UNIÃO,direita,6.7,3.1,6.1,0.9,5.1941175,7.72
174,felix mendonca junior,Bahia,nordeste,PDT,esquerda,3.2,0.7,3.0,5.5,2.5647058,3.32
175,fernanda melchionna,Rio Grande do Sul,sul,PSOL,esquerda,7.7,3.8,7.0,9.1,6.5117645,3.41
176,fernando coelho filho,Pernambuco,nordeste,UNIÃO,direita,1.6,0.9,1.2,10.0,1.8176471,6.31
177,fernando monteiro,Pernambuco,nordeste,PP,direita,2.4,1.1,2.1,8.2,2.3058825,5.56
178,fernando rodolfo,Pernambuco,nordeste,PL,direita,4.4,0.7,5.2,0.9,3.2470589,4.68
179,filipe barros,Paraná,sul,PL,direita,4.7,2.2,4.2,7.3,4.029412,6.87
180,flavia arruda,Distrito Federal,centro oeste,PL,direita,2.3,0.7,3.0,8.2,2.3,5.95
181,flavia morais,Goiás,centro oeste,PDT,esquerda,5.2,1.1,5.5,4.5,4.0058823,4.05
182,flaviano melo,Acre,norte,MDB,centro,1.6,1.3,1.2,7.3,1.7764705,6.33
183,flavio nogueira,Piauí,nordeste,PT,esquerda,3.2,0.2,3.0,0.9,2.1470587,5.73
184,francisco jr.,Goiás,centro oeste,PSD,centro,5.0,2.0,4.8,7.3,4.217647,6.45
185,franco cartafina,Minas Gerais,sudeste,PP,direita,3.9,1.5,2.7,5.5,3.0764706,7.19
186,fred costa,Minas Gerais,sudeste,PATRIOTA,direita,6.0,0.9,4.8,6.4,4.3117647,7.36
187,frei anastacio ribeiro,Paraíba,nordeste,PT,esquerda,5.6,3.5,4.5,7.3,4.888235,2.64
188,gelson azevedo,Rio de Janeiro,sudeste,PL,direita,1.8,0.7,0.9,9.1,1.7470589,6.36
189,genecias noronha,Ceará,nordeste,PL,direita,1.3,0.4,0.6,8.2,1.3176471,6.3
190,general girao,Rio Grande do Norte,nordeste,PL,direita,2.8,0.4,2.7,8.2,2.3941176,7.44
191,general peternelli,São Paulo,sudeste,UNIÃO,direita,4.0,1.6,5.2,6.4,3.6470587,7.79
192,geninho zuliani,São Paulo,sudeste,UNIÃO,direita,7.8,1.6,6.7,7.3,5.752941,6.63
193,geovania de sa,Santa Catarina,sul,PSDB,centro,3.3,0.2,2.4,1.8,2.1411765,7.02
194,gervasio maia,Paraíba,nordeste,PSB,esquerda,3.6,1.6,4.8,6.4,3.3882353,3.08
195,giacobo,Paraná,sul,PL,direita,1.5,0.9,1.5,9.1,1.7705883,6.81
196,gil cutrim,Maranhão,nordeste,REPUBLICANOS,direita,3.1,0.9,3.6,0.9,2.4117646,6.9
197,gilberto abramo,Minas Gerais,sudeste,REPUBLICANOS,direita,4.2,0.9,3.6,10.0,3.464706,6.41
198,gilberto nascimento,São Paulo,sudeste,PSC,direita,1.6,2.2,1.8,8.2,2.2,5.66
199,gilson marques,Santa Catarina,sul,NOVO,direita,5.6,2.9,3.0,10.0,4.605882,7.97
200,giovani cherini,Rio Grande do Sul,sul,PL,direita,5.2,1.6,5.2,8.2,4.317647,6.77
201,giovani feltes,Rio Grande do Sul,sul,MDB,centro,1.4,0.9,0.6,6.4,1.4058824,6.24
202,glauber braga,Rio de Janeiro,sudeste,PSOL,esquerda,3.6,3.8,6.4,9.1,4.4764705,3.11
203,gleisi hoffmann,Paraná,sul,PT,esquerda,4.2,3.5,4.8,9.1,4.388235,2.35
204,gonzaga patriota,Pernambuco,nordeste,PSB,esquerda,2.8,2.4,2.7,6.4,2.8764706,3.37
205,greyce elias,Minas Gerais,sudeste,AVANTE,centro,3.3,1.3,3.6,7.3,3.0,6.36
206,guiga peixoto,São Paulo,sudeste,PSC,direita,3.6,1.5,2.4,3.6,2.7705882,7.95
207,guilherme mussi,São Paulo,sudeste,PP,direita,1.4,0.9,1.5,9.1,1.7235295,5.86
208,gurgel,Rio de Janeiro,sudeste,PL,direita,4.1,1.6,3.0,8.2,3.4117646,7.41
209,gustavo fruet,Paraná,sul,PDT,esquerda,5.1,4.0,3.3,3.6,4.3705883,4.01
210,gustinho ribeiro,Sergipe,nordeste,REPUBLICANOS,direita,2.6,0.5,2.7,8.2,2.3294117,6.47
211,gutemberg reis,Rio de Janeiro,sudeste,MDB,centro,3.0,0.5,4.2,7.3,2.7294118,5.46
212,haroldo cathedral,Roraima,norte,PSD,centro,1.7,1.3,2.1,7.3,1.982353,5.71
213,heitor freire,Ceará,nordeste,UNIÃO,direita,4.4,1.5,3.3,7.3,3.5235295,7.16
214,heitor schuch,Rio Grande do Sul,sul,PSB,esquerda,3.3,1.6,3.3,6.4,2.982353,3.88
215,helder salomao,Espírito Santo,sudeste,PT,esquerda,7.2,2.5,5.2,9.1,5.5764704,2.62
216,helio costa,Santa Catarina,sul,PSD,centro,2.4,0.2,1.5,1.8,1.5588236,6.61
217,helio leite,Pará,norte,UNIÃO,direita,2.5,0.0,2.1,7.3,1.9764706,6.29
218,helio lopes,Rio de Janeiro,sudeste,PL,direita,5.1,1.5,3.9,9.1,4.064706,7.17
219,henrique fontana,Rio Grande do Sul,sul,PT,esquerda,3.3,3.5,4.2,8.2,3.8058825,2.18
220,hercilio coelho diniz,Minas Gerais,sudeste,MDB,centro,3.1,0.0,3.3,4.5,2.3058825,6.71
221,herculano passos,São Paulo,sudeste,REPUBLICANOS,direita,2.5,1.3,4.5,7.3,2.782353,4.43
222,hermes parcianello,Paraná,sul,MDB,centro,1.4,0.9,0.6,3.6,1.2411765,6.39
223,hildo rocha,Maranhão,nordeste,MDB,centro,6.4,2.2,5.8,2.7,4.8411765,5.93
224,hiran goncalves,Roraima,norte,PP,direita,3.6,0.5,3.0,9.1,2.9058824,6.8
225,hugo leal,Rio de Janeiro,sudeste,PSD,centro,5.3,3.5,5.5,7.3,4.9235296,7.16
226,hugo motta,Paraíba,nordeste,REPUBLICANOS,direita,3.5,0.9,2.1,8.2,2.764706,6.3
227,idilvan alencar,Ceará,nordeste,PDT,esquerda,2.7,2.0,3.9,1.8,2.6529412,3.64
228,igor kannario,Bahia,nordeste,UNIÃO,direita,2.5,0.0,1.5,6.4,1.8176471,6.92
229,igor timo,Minas Gerais,sudeste,PODE,centro,3.6,1.5,4.8,7.3,3.4117646,6.51
230,iracema portella,Piauí,nordeste,PP,direita,1.9,0.7,1.5,9.1,1.9,5.78
231,isnaldo bulhoes jr.,Alagoas,nordeste,MDB,centro,3.5,0.2,3.0,8.2,2.717647,6.63
232,ivan valente,São Paulo,sudeste,PSOL,esquerda,6.6,4.2,5.8,9.1,5.9,3.05
233,jandira feghali,Rio de Janeiro,sudeste,PCdoB,esquerda,5.6,3.8,6.4,9.1,5.417647,2.94
234,jaqueline cassol,Rondônia,norte,PP,direita,3.6,1.5,3.9,6.4,3.2,6.4
235,jefferson campos,São Paulo,sudeste,PL,direita,3.2,2.4,0.9,0.9,2.4235294,6.43
236,jeronimo goergen,Rio Grande do Sul,sul,PP,direita,5.0,1.1,7.3,5.5,4.288235,7.33
237,jessica sales,Acre,norte,MDB,centro,2.7,0.4,2.1,1.8,1.8647059,5.92
238,jesus sergio,Acre,norte,PDT,esquerda,4.1,2.5,3.3,4.5,3.5117648,4.17
239,jhonatan de jesus,Roraima,norte,REPUBLICANOS,direita,3.0,0.2,2.4,8.2,2.3764706,6.63
240,joao campos,Goiás,centro oeste,REPUBLICANOS,direita,2.8,0.7,2.7,7.3,2.4294116,6.13
241,joao carlos bacelar,Bahia,nordeste,PL,direita,1.8,0.5,2.1,9.1,1.9,5.02
242,joao daniel,Sergipe,nordeste,PT,esquerda,6.0,2.7,6.1,8.2,5.1764708,2.61
243,joao maia,Rio Grande do Norte,nordeste,PL,direita,3.2,1.1,2.1,10.0,2.7882352,7.25
244,joao marcelo souza,Maranhão,nordeste,MDB,centro,1.7,0.2,1.8,9.1,1.7117647,5.6
245,joao roma,Bahia,nordeste,PL,direita,3.2,0.5,2.4,8.2,2.5588236,6.12
246,joaquim passarinho,Pará,norte,PL,direita,3.9,1.6,3.0,3.6,3.0470588,7.75
247,joenia wapichana,Roraima,norte,REDE,esquerda,5.2,2.7,5.8,10.0,4.852941,3.67
248,joice hasselmann,São Paulo,sudeste,PSDB,centro,4.2,2.0,3.3,0.9,3.2,7.87
249,jones moura,Rio de Janeiro,sudeste,PSD,centro,0.5,0.2,0.9,10.0,1.0411764,7.39
250,jorge braz,Rio de Janeiro,sudeste,REPUBLICANOS,direita,2.3,1.1,1.5,9.1,2.2058823,6.28
251,jorge solla,Bahia,nordeste,PT,esquerda,5.5,4.4,6.4,9.1,5.547059,1.95
252,jose airton felix cirilo,Ceará,nordeste,PT,esquerda,4.4,0.7,3.6,8.2,3.3941176,2.58
253,jose guimaraes,Ceará,nordeste,PT,esquerda,6.9,2.2,4.8,8.2,5.2235293,2.75
254,jose mario schreiner,Goiás,centro oeste,MDB,centro,4.2,1.8,2.1,6.4,3.2529411,7.15
255,jose medeiros,Mato Grosso,centro oeste,PL,direita,7.2,0.9,3.9,0.9,4.394118,6.71
256,jose nelto,Goiás,centro oeste,PP,direita,6.0,1.3,6.1,6.4,4.6588235,6.3
257,jose priante,Pará,norte,MDB,centro,1.4,0.2,0.6,8.2,1.3058823,5.07
258,jose ricardo,Amazonas,norte,PT,esquerda,5.7,3.3,5.8,7.3,5.105882,2.65
259,jose rocha,Bahia,nordeste,UNIÃO,direita,1.9,0.2,3.9,9.1,2.1764705,6.3
260,joseildo ramos,Bahia,nordeste,PT,esquerda,3.6,2.2,4.8,8.2,3.6705883,2.94
261,josimar maranhaozinho,Maranhão,nordeste,PL,direita,1.4,0.0,0.9,9.1,1.3529412,4.78
262,josivaldo jp,Maranhão,nordeste,PSD,centro,0.9,0.2,1.2,10.0,1.2823529,6.82
263,juarez costa,Mato Grosso,centro oeste,MDB,centro,2.5,1.5,1.8,4.5,2.2,5.81
264,julian lemos,Paraíba,nordeste,UNIÃO,direita,3.0,1.1,1.8,5.5,2.3764706,7.06
265,julio cesar,Piauí,nordeste,PSD,centro,2.6,0.9,2.1,9.1,2.3941176,6.72
266,julio cesar ribeiro,Distrito Federal,centro oeste,REPUBLICANOS,direita,7.2,2.0,6.1,9.1,5.5882354,6.41
267,julio delgado,Minas Gerais,sudeste,PV,esquerda,4.2,2.4,3.3,1.8,3.3705883,3.82
268,juninho do pneu,Rio de Janeiro,sudeste,UNIÃO,direita,5.1,0.7,4.8,9.1,3.9882352,6.5
269,junio amaral,Minas Gerais,sudeste,PL,direita,4.1,0.7,2.4,3.6,2.7705882,7.35
270,junior ferrari,Pará,norte,PSD,centro,2.8,0.2,1.8,2.7,1.8529412,7.8
271,junior lourenco,Maranhão,nordeste,PL,direita,1.0,0.0,1.5,10.0,1.3235294,6.39
272,junior mano,Ceará,nordeste,PL,direita,3.1,0.4,3.6,9.1,2.7470589,5.84
273,juscelino filho,Maranhão,nordeste,UNIÃO,direita,2.3,0.9,2.4,9.1,2.3058825,5.68
274,kim kataguiri,São Paulo,sudeste,UNIÃO,direita,9.0,3.3,6.1,0.9,6.3352942,7.85
275,laercio oliveira,Sergipe,nordeste,PP,direita,3.4,1.5,4.5,7.3,3.264706,7.54
276,lafayette de andrada,Minas Gerais,sudeste,REPUBLICANOS,direita,4.1,0.2,3.9,9.1,3.2117648,6.09
277,lauriete,Espírito Santo,sudeste,PSC,direita,4.2,1.1,2.4,8.2,3.2058823,6.18
278,leandre,Paraná,sul,PSD,centro,4.7,3.8,3.9,0.9,4.070588,5.44
279,leda sadala,Amapá,norte,PP,direita,2.2,1.8,2.4,7.3,2.4176471,6.0
280,leo de brito,Acre,norte,PT,esquerda,3.1,3.8,3.9,10.0,3.8529413,4.03
281,leo moraes,Rondônia,norte,PODE,centro,7.3,2.2,6.4,0.9,5.2647057,6.62
282,leo motta,Minas Gerais,sudeste,REPUBLICANOS,direita,1.9,0.2,2.1,0.9,1.3764706,5.97
283,leonardo monteiro,Minas Gerais,sudeste,PT,esquerda,3.6,3.8,7.9,8.2,4.6882353,2.8
284,leonidas cristino,Ceará,nordeste,PDT,esquerda,2.2,2.0,2.7,8.2,2.5823529,3.15
285,leur lomanto junior,Bahia,nordeste,UNIÃO,direita,2.2,0.0,2.7,6.4,1.8882353,6.47
286,lidice da mata,Bahia,nordeste,PSB,esquerda,5.5,2.4,7.0,6.4,4.9058824,2.47
287,lincoln portela,Minas Gerais,sudeste,PL,direita,5.2,1.5,4.2,6.4,4.0058823,7.4
288,liziane bayer,Rio Grande do Sul,sul,REPUBLICANOS,direita,3.2,1.3,2.4,0.9,2.3647058,6.98
289,loester trutis,Mato Grosso do Sul,centro oeste,PL,direita,3.9,1.1,4.5,5.5,3.2764707,7.21
290,lourival gomes,Rio de Janeiro,sudeste,PP,direita,2.2,1.6,1.2,6.4,2.0941176,6.96
291,lucas gonzalez,Minas Gerais,sudeste,NOVO,direita,6.0,3.1,4.8,10.0,5.170588,7.49
292,lucas redecker,Rio Grande do Sul,sul,PSDB,centro,4.5,2.2,4.8,0.9,3.664706,8.07
293,lucas vergilio,Goiás,centro oeste,SOLIDARIEDADE,centro,3.9,1.6,3.3,5.5,3.2117648,6.66
294,luciano bivar,Pernambuco,nordeste,UNIÃO,direita,1.5,1.3,0.6,8.2,1.6764706,5.84
295,luciano ducci,Paraná,sul,PSB,esquerda,3.6,1.6,3.9,0.9,2.9058824,3.82
296,lucio mosquini,Rondônia,norte,MDB,centro,3.4,2.4,3.0,5.5,3.1588235,4.96
297,luis miranda,Distrito Federal,centro oeste,REPUBLICANOS,direita,8.2,3.6,6.1,5.5,6.317647,7.24
298,luis tibe,Minas Gerais,sudeste,AVANTE,centro,2.3,0.0,2.4,9.1,2.0411766,6.09
299,luisa canziani,Paraná,sul,PSD,centro,3.5,2.9,3.9,6.4,3.5647058,6.99
300,luiz antonio correa,Rio de Janeiro,sudeste,PP,direita,2.0,0.2,1.8,8.2,1.8,6.26
301,luiz carlos,Amapá,norte,PSDB,centro,1.5,1.3,1.8,8.2,1.8882353,6.55
302,luiz carlos motta,São Paulo,sudeste,PL,direita,3.0,0.9,3.3,7.3,2.6882353,6.68
303,luiz lima,Rio de Janeiro,sudeste,PL,direita,6.5,1.6,3.9,8.2,4.7,7.69
304,luiz nishimori,Paraná,sul,PSD,centro,2.5,1.6,2.1,8.2,2.5,6.59
305,luiz philippe de orleans e braganca,São Paulo,sudeste,PL,direita,6.7,1.3,4.8,1.8,4.4882355,7.78
306,luiza erundina,São Paulo,sudeste,PSOL,esquerda,4.2,3.6,5.2,7.3,4.382353,2.97
307,luizao goulart,Paraná,sul,SOLIDARIEDADE,centro,5.6,0.4,3.6,7.3,3.817647,6.5
308,luizianne lins,Ceará,nordeste,PT,esquerda,3.4,3.6,4.5,9.1,3.9882352,3.15
309,magda mofatto,Goiás,centro oeste,PL,direita,2.8,2.4,2.1,8.2,2.8764706,5.32
310,major fabiana,Rio de Janeiro,sudeste,PL,direita,3.2,1.1,3.3,9.1,2.947059,7.2
311,mara rocha,Acre,norte,MDB,centro,4.1,1.5,3.6,0.9,3.0588236,6.24
312,marcel van hattem,Rio Grande do Sul,sul,NOVO,direita,3.4,2.4,5.2,8.2,3.7058823,7.66
313,marcelo alvaro antonio,Minas Gerais,sudeste,PL,direita,1.0,0.4,0.9,9.1,1.2823529,7.2
314,marcelo aro,Minas Gerais,sudeste,PP,direita,2.5,1.3,2.7,8.2,2.517647,5.36
315,marcelo calero,Rio de Janeiro,sudeste,PSD,centro,3.4,2.9,4.2,4.5,3.4588234,7.93
316,marcelo freixo,Rio de Janeiro,sudeste,PSB,esquerda,5.2,4.4,5.8,8.2,5.247059,3.37
317,marcelo nilo,Bahia,nordeste,REPUBLICANOS,direita,2.4,0.4,3.0,5.5,2.1,4.05
318,marcelo ramos,Amazonas,norte,PSD,centro,6.4,2.0,5.5,0.9,4.6235294,6.97
319,marcio alvino,São Paulo,sudeste,PL,direita,1.6,1.1,3.9,9.1,2.3,7.22
320,marcio biolchi,Rio Grande do Sul,sul,MDB,centro,1.9,0.2,0.6,5.5,1.382353,6.89
321,marcio labre,Rio de Janeiro,sudeste,PL,direita,3.1,0.9,2.1,7.3,2.5235295,7.33
322,marcio marinho,Bahia,nordeste,REPUBLICANOS,direita,2.7,0.2,4.5,9.1,2.6588235,5.96
323,marco bertaiolli,São Paulo,sudeste,PSD,centro,3.3,1.1,4.2,5.5,2.9411764,8.02
324,marcon,Rio Grande do Sul,sul,PT,esquerda,3.9,3.8,4.8,7.3,4.2294116,2.56
325,marcos aurelio sampaio,Piauí,nordeste,PSD,centro,2.0,0.2,2.1,9.1,1.9058824,6.22
326,marcos pereira,São Paulo,sudeste,REPUBLICANOS,direita,3.5,0.9,2.7,7.3,2.817647,6.93
327,marcos soares,Rio de Janeiro,sudeste,UNIÃO,direita,0.8,0.4,1.2,7.3,1.1352941,5.81
328,margarete coelho,Piauí,nordeste,PP,direita,4.8,0.7,4.5,8.2,3.7411764,6.32
329,maria do rosario,Rio Grande do Sul,sul,PT,esquerda,7.2,2.5,6.4,8.2,5.7352943,2.62
330,maria rosas,São Paulo,sudeste,REPUBLICANOS,direita,3.6,1.3,3.0,10.0,3.1941175,5.9
331,marilia arraes,Pernambuco,nordeste,SOLIDARIEDADE,centro,5.3,2.7,5.2,9.1,4.7411766,2.77
332,marina santos,Piauí,nordeste,REPUBLICANOS,direita,2.7,1.1,2.4,8.2,2.5,6.5
333,mario heringer,Minas Gerais,sudeste,PDT,esquerda,5.5,2.2,3.6,8.2,4.352941,3.76
334,mario negromonte jr.,Bahia,nordeste,PP,direita,2.4,0.9,1.8,5.5,2.035294,5.65
335,marlon santos,Rio Grande do Sul,sul,PL,direita,1.7,0.7,1.8,0.9,1.3764706,6.5
336,marreca filho,Maranhão,nordeste,PATRIOTA,direita,4.9,2.2,3.3,6.4,3.9117646,6.82
337,marx beltrao,Alagoas,nordeste,PP,direita,2.7,1.1,2.4,6.4,2.3941176,6.32
338,mauricio dziedricki,Rio Grande do Sul,sul,PODE,centro,3.3,0.0,3.0,6.4,2.4588234,7.16
339,mauro benevides filho,Ceará,nordeste,PDT,esquerda,1.6,1.8,2.1,9.1,2.1882353,5.47
340,mauro lopes,Minas Gerais,sudeste,PP,direita,2.6,0.9,2.7,7.3,2.3941176,6.2
341,mauro nazif,Rondônia,norte,PSB,esquerda,7.0,0.7,5.2,0.9,4.470588,4.65
342,merlong solano,Piauí,nordeste,PT,esquerda,2.8,2.7,3.0,8.2,3.1235294,3.32
343,miguel lombardi,São Paulo,sudeste,PL,direita,2.4,1.5,1.8,6.4,2.264706,7.26
344,milton coelho,Pernambuco,nordeste,PSB,esquerda,1.7,1.1,2.4,7.3,1.9764706,3.97
345,milton vieira,São Paulo,sudeste,REPUBLICANOS,direita,2.4,0.9,1.8,10.0,2.3,6.16
346,misael varella,Minas Gerais,sudeste,PSD,centro,1.7,1.1,1.5,7.3,1.8176471,6.03
347,natalia bonavides,Rio Grande do Norte,nordeste,PT,esquerda,6.3,2.5,5.2,9.1,5.152941,2.51
348,nelson barbudo,Mato Grosso,centro oeste,PL,direita,3.2,0.7,2.1,9.1,2.6176472,7.42
349,nereu crispim,Rio Grande do Sul,sul,PSD,centro,5.5,1.1,6.1,3.6,4.2,6.79
350,neri geller,Mato Grosso,centro oeste,PP,direita,2.7,0.7,2.1,10.0,2.4352942,6.62
351,neucimar fraga,Espírito Santo,sudeste,PP,direita,2.4,1.1,1.8,8.2,2.2529411,6.9
352,newton cardoso jr,Minas Gerais,sudeste,MDB,centro,2.7,1.1,4.5,5.5,2.7117648,5.65
353,nicoletti,Roraima,norte,UNIÃO,direita,4.8,1.6,3.3,7.3,3.7411764,6.86
354,nilson pinto,Pará,norte,PSDB,centro,1.5,1.1,1.8,8.2,1.8294117,6.43
355,nilto tatto,São Paulo,sudeste,PT,esquerda,6.9,4.4,5.2,9.1,5.9941177,2.89
356,nivaldo albuquerque,Alagoas,nordeste,REPUBLICANOS,direita,4.4,1.5,3.9,8.2,3.682353,6.87
357,norma ayub,Espírito Santo,sudeste,PP,direita,3.5,1.3,3.6,2.7,2.8235295,5.49
358,odair cunha,Minas Gerais,sudeste,PT,esquerda,2.2,1.3,4.5,7.3,2.6411765,2.78
359,olival marques,Pará,norte,MDB,centro,2.2,0.4,1.5,8.2,1.9,6.48
360,orlando silva,São Paulo,sudeste,PCdoB,esquerda,5.0,2.7,6.7,8.2,4.8117647,2.5
361,osmar terra,Rio Grande do Sul,sul,MDB,centro,1.4,0.9,1.5,2.7,1.3470588,6.54
362,ossesio silva,Pernambuco,nordeste,REPUBLICANOS,direita,3.6,1.8,3.3,10.0,3.3941176,6.25
363,otoni de paula,Rio de Janeiro,sudeste,MDB,centro,3.4,0.5,3.9,6.4,2.8117647,6.9
364,ottaci nascimento,Roraima,norte,SOLIDARIEDADE,centro,1.6,0.0,1.8,8.2,1.5529412,6.42
365,otto alencar filho,Bahia,nordeste,PSD,centro,4.3,0.9,3.0,0.9,2.8705883,5.36
366,padre joao,Minas Gerais,sudeste,PT,esquerda,4.0,2.2,6.4,9.1,4.1941175,2.57
367,pastor eurico,Pernambuco,nordeste,PL,direita,4.0,1.3,3.3,8.2,3.3294117,7.39
368,pastor gil,Maranhão,nordeste,PL,direita,3.4,0.7,3.3,7.3,2.817647,6.14
369,pastor sargento isidorio,Bahia,nordeste,AVANTE,centro,4.2,0.0,2.4,0.9,2.4529412,4.08
370,patricia ferraz,Amapá,norte,PODE,centro,2.0,0.4,2.7,10.0,2.1235294,6.84
371,patrus ananias,Minas Gerais,sudeste,PT,esquerda,5.3,4.4,5.5,9.1,5.2941175,2.91
372,paula belmonte,Distrito Federal,centro oeste,CIDADANIA,centro,6.4,3.6,8.8,0.9,5.6764708,7.99
373,paulao,Alagoas,nordeste,PT,esquerda,3.5,2.2,4.8,9.1,3.6764705,2.82
374,paulo abi-ackel,Minas Gerais,sudeste,PSDB,centro,3.0,1.1,2.1,7.3,2.535294,6.05
375,paulo azi,Bahia,nordeste,UNIÃO,direita,2.4,1.1,2.7,7.3,2.3588235,6.55
376,paulo bengtson,Pará,norte,PTB,direita,6.0,0.9,3.9,7.3,4.2058825,6.33
377,paulo eduardo martins,Paraná,sul,PL,direita,4.7,1.3,3.0,0.9,3.1764705,7.73
378,paulo freire costa,São Paulo,sudeste,PL,direita,1.7,1.3,0.9,8.2,1.8235294,7.14
379,paulo ganime,Rio de Janeiro,sudeste,NOVO,direita,6.3,4.7,5.5,9.1,5.852941,7.82
380,paulo guedes,Minas Gerais,sudeste,PT,esquerda,3.5,2.4,5.8,9.1,3.9117646,3.22
381,paulo magalhaes,Bahia,nordeste,PSD,centro,2.0,0.4,0.9,4.5,1.482353,6.84
382,paulo pimenta,Rio Grande do Sul,sul,PT,esquerda,4.4,3.5,5.8,8.2,4.605882,2.1
383,paulo ramos,Rio de Janeiro,sudeste,PDT,esquerda,5.9,3.5,5.5,6.4,5.152941,3.14
384,paulo teixeira,São Paulo,sudeste,PT,esquerda,7.0,4.4,8.5,9.1,6.6235294,2.3
385,pedro augusto bezerra,Ceará,nordeste,PDT,esquerda,4.4,1.3,4.5,0.9,3.3,6.24
386,pedro augusto palareti,Rio de Janeiro,sudeste,PP,direita,1.1,0.5,0.6,8.2,1.2529411,7.33
387,pedro cunha lima,Paraíba,nordeste,PSDB,centro,2.6,2.4,2.7,3.6,2.6176472,7.83
388,pedro lucas fernandes,Maranhão,nordeste,UNIÃO,direita,4.8,1.5,3.6,6.4,3.7117648,6.64
389,pedro lupion,Paraná,sul,PP,direita,4.4,1.3,3.6,5.5,3.4117646,6.84
390,pedro paulo,Rio de Janeiro,sudeste,PSD,centro,1.8,1.5,1.8,8.2,2.0882354,6.98
391,pedro uczai,Santa Catarina,sul,PT,esquerda,5.6,3.6,7.3,8.2,5.464706,2.65
392,pedro vilela,Alagoas,nordeste,PSDB,centro,2.2,1.8,2.4,7.3,2.4176471,7.89
393,pedro westphalen,Rio Grande do Sul,sul,PP,direita,3.6,0.9,4.8,9.1,3.3411765,7.35
394,perpetua almeida,Acre,norte,PCdoB,esquerda,7.0,2.4,7.9,8.2,5.8764706,2.87
395,pinheirinho,Minas Gerais,sudeste,PP,direita,3.5,1.3,2.7,9.1,3.0411766,6.46
396,policial katia sastre,São Paulo,sudeste,PL,direita,3.8,1.5,3.6,6.4,3.2411764,6.48
397,pompeo de mattos,Rio Grande do Sul,sul,PDT,esquerda,8.0,0.7,7.0,3.6,5.417647,3.69
398,pr. marco feliciano,São Paulo,sudeste,PL,direita,2.2,2.0,2.1,6.4,2.3705883,6.09
399,professor alcides,Goiás,centro oeste,PL,direita,2.4,1.1,2.4,9.1,2.4117646,6.77
400,professor israel batista,Distrito Federal,centro oeste,PSB,esquerda,5.2,3.3,6.7,0.9,4.652941,4.14
401,professor joziel,Rio de Janeiro,sudeste,PATRIOTA,direita,3.0,1.3,1.8,6.4,2.4882352,6.54
402,professora dayane pimentel,Bahia,nordeste,UNIÃO,direita,2.8,1.3,2.4,0.9,2.1764705,7.27
403,professora marcivania,Amapá,norte,PCdoB,esquerda,2.8,2.5,3.3,9.1,3.1705883,2.98
404,professora rosa neide,Mato Grosso,centro oeste,PT,esquerda,5.7,4.0,7.0,8.2,5.5764704,2.98
405,rafael motta,Rio Grande do Norte,nordeste,PSB,esquerda,4.1,3.1,4.2,6.4,3.9588234,3.86
406,raimundo costa,Bahia,nordeste,PODE,centro,2.3,1.3,1.5,6.4,2.1058824,6.38
407,raul henry,Pernambuco,nordeste,MDB,centro,2.2,1.3,2.1,0.9,1.8411765,6.23
408,reginaldo lopes,Minas Gerais,sudeste,PT,esquerda,6.5,4.0,7.0,8.2,5.952941,2.65
409,rejane dias,Piauí,nordeste,PT,esquerda,7.0,4.2,6.4,7.3,6.0882354,2.9
410,renildo calheiros,Pernambuco,nordeste,PCdoB,esquerda,4.2,1.6,2.7,10.0,3.5117648,3.06
411,ricardo barros,Paraná,sul,PP,direita,2.6,0.9,4.2,7.3,2.6588235,6.78
412,ricardo da karol,Rio de Janeiro,sudeste,PDT,esquerda,0.7,0.0,0.6,9.1,0.9705882,6.45
413,ricardo guidi,Santa Catarina,sul,PSD,centro,2.2,0.5,1.2,8.2,1.8764706,6.93
414,ricardo izar,São Paulo,sudeste,REPUBLICANOS,direita,4.7,2.5,5.5,0.9,3.9705882,5.35
415,ricardo silva,São Paulo,sudeste,PSD,centro,4.8,2.5,3.3,0.9,3.6294117,6.33
416,ricardo teobaldo,Pernambuco,nordeste,PODE,centro,1.8,1.1,1.2,5.5,1.7058823,5.81
417,roberio monteiro,Ceará,nordeste,PDT,esquerda,1.9,0.0,1.5,6.4,1.5352942,3.92
418,roberto alves,São Paulo,sudeste,REPUBLICANOS,direita,3.9,1.6,2.7,10.0,3.3705883,6.07
419,roberto de lucena,São Paulo,sudeste,REPUBLICANOS,direita,5.6,0.5,6.4,4.5,4.1764708,6.95
420,rodrigo agostinho,São Paulo,sudeste,PSB,esquerda,7.4,3.3,4.5,0.9,5.3,5.01
421,rodrigo coelho,Santa Catarina,sul,PODE,centro,4.3,1.5,5.8,0.9,3.5411766,7.91
422,rodrigo de castro,Minas Gerais,sudeste,UNIÃO,direita,3.3,0.2,3.0,6.4,2.517647,6.65
423,rogerio correia,Minas Gerais,sudeste,PT,esquerda,6.3,2.5,8.8,9.1,5.788235,2.6
424,rogerio peninha mendonca,Santa Catarina,sul,MDB,centro,3.0,0.2,2.4,0.9,1.9470588,7.38
425,ronaldo carletto,Bahia,nordeste,PP,direita,2.2,2.9,1.5,10.0,2.7411764,6.5
426,ronaldo martins,Ceará,nordeste,REPUBLICANOS,direita,0.6,0.4,0.9,10.0,1.1470588,6.65
427,rosana valle,São Paulo,sudeste,PL,direita,4.0,2.2,4.2,0.9,3.3235295,6.28
428,rosangela gomes,Rio de Janeiro,sudeste,REPUBLICANOS,direita,2.6,1.5,2.4,5.5,2.4117646,6.12
429,rose modesto,Mato Grosso do Sul,centro oeste,UNIÃO,direita,3.9,1.5,3.6,0.9,2.964706,5.92
430,rubens bueno,Paraná,sul,CIDADANIA,centro,5.5,2.2,3.3,2.7,3.9764705,7.04
431,rubens otoni,Goiás,centro oeste,PT,esquerda,5.8,3.5,5.8,10.0,5.3705883,3.14
432,rubens pereira junior,Maranhão,nordeste,PT,esquerda,4.0,0.4,2.4,9.1,2.9588234,5.29
433,rui falcao,São Paulo,sudeste,PT,esquerda,3.4,2.2,5.5,9.1,3.7529411,2.6
434,ruy carneiro,Paraíba,nordeste,PSC,direita,2.6,1.1,1.8,2.7,2.0235295,6.26
435,samia bomfim,São Paulo,sudeste,PSOL,esquerda,5.8,2.7,6.4,10.0,5.2411766,2.91
436,samuel moreira,São Paulo,sudeste,PSDB,centro,2.8,1.3,2.1,0.9,2.1235294,7.76
437,sanderson,Rio Grande do Sul,sul,PL,direita,7.0,2.2,5.2,8.2,5.3411765,7.31
438,sargento fahur,Paraná,sul,PSD,centro,2.7,1.5,1.5,0.9,2.0294118,7.39
439,sebastiao oliveira,Pernambuco,nordeste,AVANTE,centro,2.3,0.2,2.1,9.1,2.0470588,6.57
440,sergio brito,Bahia,nordeste,PSD,centro,1.4,0.0,1.5,9.1,1.4588236,6.34
441,sergio souza,Paraná,sul,MDB,centro,3.1,1.5,3.3,6.4,2.8588235,6.9
442,sergio toledo,Alagoas,nordeste,PV,esquerda,2.3,0.7,1.5,8.2,2.035294,6.24
443,severino pessoa,Alagoas,nordeste,MDB,centro,2.4,0.2,1.8,8.2,1.9882352,6.02
444,sheridan,Roraima,norte,PSDB,centro,3.5,0.4,2.4,3.6,2.4,5.9
445,sidney leite,Amazonas,norte,PSD,centro,3.3,3.3,3.0,2.7,3.2117648,5.96
446,silas camara,Amazonas,norte,REPUBLICANOS,direita,3.1,2.2,3.0,8.2,3.1176472,5.77
447,silvia cristina,Rondônia,norte,PL,direita,3.0,0.5,3.3,0.9,2.1941175,5.12
448,silvio costa filho,Pernambuco,nordeste,REPUBLICANOS,direita,3.1,1.1,3.6,6.4,2.7941177,6.81
449,soraya santos,Rio de Janeiro,sudeste,PL,direita,3.9,1.5,3.0,6.4,3.182353,6.84
450,sostenes cavalcante,Rio de Janeiro,sudeste,PL,direita,4.2,1.8,2.1,3.6,3.0882354,5.44
451,stefano aguiar,Minas Gerais,sudeste,PSD,centro,1.8,2.0,0.9,6.4,1.9705882,5.87
452,subtenente gonzaga,Minas Gerais,sudeste,PSD,centro,5.8,2.0,4.8,2.7,4.3235292,4.04
453,tabata amaral,São Paulo,sudeste,PSB,esquerda,7.5,4.0,6.7,0.9,5.9411764,6.33
454,tadeu alencar,Pernambuco,nordeste,PSB,esquerda,3.9,3.3,4.2,7.3,3.9764705,3.6
455,taliria petrone,Rio de Janeiro,sudeste,PSOL,esquerda,7.2,2.9,6.4,9.1,5.9058824,3.39
456,tereza nelma,Alagoas,nordeste,PSD,centro,5.0,2.7,7.0,0.9,4.435294,4.97
457,tiago dimas,Tocantins,norte,PODE,centro,3.9,1.6,3.3,6.4,3.264706,6.39
458,tiago mitraud,Minas Gerais,sudeste,NOVO,direita,4.2,3.5,5.2,10.0,4.5117645,7.79
459,tiririca,São Paulo,sudeste,PL,direita,2.2,1.3,0.9,0.9,1.6294118,3.73
460,tito,Bahia,nordeste,AVANTE,centro,2.0,1.1,1.5,4.5,1.7941177,7.22
461,toninho wandscheer,Paraná,sul,PROS,centro,2.3,0.7,1.8,7.3,2.035294,6.43
462,tulio gadelha,Pernambuco,nordeste,REDE,esquerda,5.1,2.7,5.5,0.9,4.217647,3.5
463,uldurico junior,Bahia,nordeste,MDB,centro,1.9,1.3,1.2,4.5,1.7529411,6.7
464,valmir assuncao,Bahia,nordeste,PT,esquerda,4.2,2.4,4.2,8.2,3.9058824,2.63
465,vander loubet,Mato Grosso do Sul,centro oeste,PT,esquerda,3.1,3.5,4.8,7.3,3.764706,2.07
466,vanderlei macris,São Paulo,sudeste,PSDB,centro,2.5,0.7,1.2,0.9,1.6470588,7.06
467,vava martins,Pará,norte,REPUBLICANOS,direita,2.7,0.4,2.1,8.2,2.2411764,5.97
468,vermelho,Paraná,sul,PL,direita,3.0,0.5,2.1,8.2,2.4117646,6.21
469,vicentinho,São Paulo,sudeste,PT,esquerda,3.9,4.2,4.5,9.1,4.4,2.85
470,vicentinho junior,Tocantins,norte,PP,direita,3.0,0.2,3.0,10.0,2.5882354,6.52
471,vilson da fetaemg,Minas Gerais,sudeste,PSB,esquerda,4.5,0.5,4.5,7.3,3.4882352,3.68
472,vinicius carvalho,São Paulo,sudeste,REPUBLICANOS,direita,4.7,1.1,2.4,9.1,3.4941177,6.56
473,vinicius farah,Rio de Janeiro,sudeste,UNIÃO,direita,3.4,1.8,3.6,8.2,3.2470589,5.49
474,vinicius poit,São Paulo,sudeste,NOVO,direita,3.5,2.7,3.9,10.0,3.717647,7.88
475,vitor lippi,São Paulo,sudeste,PSDB,centro,3.6,1.3,4.8,3.6,3.1352942,6.93
476,vivi reis,Pará,norte,PSOL,esquerda,2.5,2.5,4.5,10.0,3.2941177,1.64
477,waldenor pereira,Bahia,nordeste,PT,esquerda,3.4,3.6,5.2,8.2,4.0588236,2.71
478,walter alves,Rio Grande do Norte,nordeste,MDB,centro,2.7,1.6,2.1,9.1,2.6470587,6.01
479,weliton prado,Minas Gerais,sudeste,PROS,centro,4.0,1.6,3.0,0.9,2.9352942,4.78
480,wellington roberto,Paraíba,nordeste,PL,direita,2.8,1.6,2.4,10.0,2.8,5.76
481,wilson santiago,Paraíba,nordeste,REPUBLICANOS,direita,4.1,0.9,3.9,8.2,3.3647058,4.29
482,wolney queiroz,Pernambuco,nordeste,PDT,esquerda,4.2,4.0,3.3,9.1,4.2705884,3.49
483,ze carlos,Maranhão,nordeste,PT,esquerda,3.1,2.0,6.4,7.3,3.6058824,2.78
484,ze neto,Bahia,nordeste,PT,esquerda,4.2,1.1,5.5,7.3,3.7,3.2
485,ze silva,Minas Gerais,sudeste,SOLIDARIEDADE,centro,4.3,0.5,3.6,6.4,3.182353,6.47
486,ze vitor,Minas Gerais,sudeste,PL,direita,5.8,1.8,4.5,6.4,4.429412,6.22
487,zeca dirceu,Paraná,sul,PT,esquerda,3.2,3.1,4.5,8.2,3.6941175,2.91
