nome,estado,partido,n_prod_leg,n_fisc,n_mobi,n_alin_partd,nota
abilio santana,Bahia,PSC,1.7,0.0,0.9,9.1,
abou anni,São Paulo,UNIÃO,3.8,0.9,2.4,6.4,6.55
acacio favacho,Amapá,MDB,2.6,0.2,2.1,6.4,6.12
adolfo viana,Bahia,PSDB,2.8,0.9,2.4,5.5,6.82
adriana ventura,São Paulo,NOVO,6.4,2.9,7.3,10.0,8.24
adriano do baldy,Goiás,PP,2.3,0.0,2.1,10.0,6.82
aecio neves,Minas Gerais,PSDB,2.4,0.0,2.1,7.3,5.84
aelton freitas,Minas Gerais,PP,1.6,0.7,0.9,9.1,5.99
afonso florence,Bahia,PT,4.8,2.7,4.8,9.1,2.7
afonso hamm,Rio Grande do Sul,PP,2.2,1.6,3.3,7.3,6.67
afonso motta,Rio Grande do Sul,PDT,3.5,1.3,3.0,5.5,3.39
aguinaldo ribeiro,Paraíba,PP,1.5,0.9,1.2,7.3,
airton faleiro,Pará,PT,4.7,3.5,6.1,7.3,2.93
aj albuquerque,Ceará,PP,2.3,0.2,2.4,10.0,6.7
alan rick,Acre,UNIÃO,3.3,2.7,2.4,5.5,
alceu moreira,Rio Grande do Sul,MDB,3.3,2.4,2.1,7.3,6.21
alcides rodrigues,Goiás,PATRIOTA,1.6,0.4,2.1,8.2,6.16
ale silva,Minas Gerais,REPUBLICANOS,5.7,1.5,3.6,7.3,7.39
alessandro molon,Rio de Janeiro,PSB,6.0,5.6,5.2,7.3,3.06
alex manente,São Paulo,CIDADANIA,3.2,2.4,3.0,8.2,8.29
alex santana,Bahia,REPUBLICANOS,3.3,1.1,2.1,0.9,6.13
alexandre frota,São Paulo,PSDB,5.9,1.3,4.8,0.9,5.04
alexandre leite,São Paulo,UNIÃO,3.2,1.3,2.4,9.1,6.84
alexandre padilha,São Paulo,PT,7.7,3.6,7.6,9.1,2.84
alexandre serfiotis,Rio de Janeiro,PSD,1.4,1.3,2.1,1.8,
alexis fonteyne,São Paulo,NOVO,5.3,2.9,5.8,10.0,7.87
alice portugal,Bahia,PCdoB,5.3,4.0,7.6,9.1,2.85
aliel machado,Paraná,PV,4.3,3.5,3.9,6.4,3.07
aline gurgel,Amapá,REPUBLICANOS,4.4,2.0,4.8,6.4,5.56
aline sleutjes,Paraná,PROS,3.3,1.1,2.7,9.1,7.69
altineu cortes,Rio de Janeiro,PL,3.0,0.2,1.8,9.1,6.5
aluisio mendes,Maranhão,PSC,3.8,0.7,3.0,8.2,7.09
amaro neto,Espírito Santo,REPUBLICANOS,3.5,0.7,2.1,10.0,6.39
andre abdon,Amapá,PP,1.6,0.2,0.9,10.0,6.45
andre de paula,Pernambuco,PSD,3.4,0.4,2.1,6.4,5.83
andre ferreira,Pernambuco,PL,2.0,0.0,1.8,8.2,5.93
andre figueiredo,Ceará,PDT,8.3,2.4,5.8,9.1,3.51
andre fufuca,Maranhão,PP,2.4,0.2,1.5,10.0,5.62
andre janones,Minas Gerais,AVANTE,2.6,0.0,3.6,0.9,5.44
angela amin,Santa Catarina,PP,4.4,1.5,4.5,0.9,6.68
anibal gomes,Ceará,UNIÃO,0.8,0.2,0.9,8.2,
antonio brito,Bahia,PSD,3.3,1.8,4.2,6.4,6.75
arlindo chinaglia,São Paulo,PT,3.1,1.8,4.2,9.1,3.1
arnaldo jardim,São Paulo,CIDADANIA,3.9,2.7,4.8,4.5,7.86
aroldo martins,Paraná,REPUBLICANOS,3.4,1.1,2.7,9.1,6.3
arthur lira,Alagoas,PP,2.7,0.7,0.9,0.9,6.02
arthur oliveira maia,Bahia,UNIÃO,2.2,0.9,2.1,7.3,6.33
assis carvalho,Piauí,PT,2.2,2.5,2.4,10.0,
atila lins,Amazonas,PSD,1.7,1.5,1.2,8.2,6.43
atila lira,Piauí,PP,2.2,0.2,2.4,0.9,6.03
augusto coutinho,Pernambuco,REPUBLICANOS,4.3,1.6,3.3,6.4,6.81
aurea carolina,Minas Gerais,PSOL,3.5,2.4,5.5,10.0,3.45
aureo ribeiro,Rio de Janeiro,SOLIDARIEDADE,5.8,2.5,6.7,2.7,5.47
bacelar,Bahia,PV,4.1,2.5,3.6,0.9,3.37
baleia rossi,São Paulo,MDB,3.5,0.7,1.5,9.1,5.6
benedita da silva,Rio de Janeiro,PT,5.7,2.5,6.1,9.1,2.78
benes leocadio,Rio Grande do Norte,UNIÃO,3.8,0.2,2.7,8.2,6.55
beto faro,Pará,PT,3.4,3.3,4.5,9.1,2.98
beto pereira,Mato Grosso do Sul,PSDB,2.5,1.1,3.0,4.5,6.03
beto rosado,Rio Grande do Norte,PP,2.8,1.8,1.2,9.1,5.43
bia cavassa,Mato Grosso do Sul,PSDB,2.6,1.6,2.4,5.5,
bia kicis,Distrito Federal,PL,4.4,1.5,3.3,7.3,7.49
bibo nunes,Rio Grande do Sul,PL,5.5,1.3,4.2,7.3,7.65
bilac pinto,Minas Gerais,UNIÃO,3.1,1.3,1.8,9.1,7.11
bira do pindare,Maranhão,PSB,5.9,1.8,6.7,3.6,3.15
boca aberta,Paraná,PROS,4.3,0.5,3.0,0.9,
bohn gass,Rio Grande do Sul,PT,5.1,4.7,5.5,9.1,2.85
bosco costa,Sergipe,PL,5.0,2.5,4.2,8.2,6.58
bosco saraiva,Amazonas,SOLIDARIEDADE,2.0,0.7,1.8,6.4,6.51
bruna furlan,São Paulo,PSDB,1.8,1.6,1.5,0.9,5.72
caca leao,Bahia,PP,3.1,0.2,2.4,10.0,6.76
camilo capiberibe,Amapá,PSB,4.8,2.4,5.5,6.4,3.04
capitao alberto neto,Amazonas,PL,6.7,2.7,6.4,4.5,7.63
capitao augusto,São Paulo,PL,3.9,0.5,3.9,5.5,6.9
capitao fabio abreu,Piauí,PSD,2.7,0.4,2.7,5.5,5.25
capitao wagner,Ceará,UNIÃO,5.1,1.1,3.3,0.9,6.86
carla dickson,Rio Grande do Norte,UNIÃO,3.1,1.1,3.6,8.2,7.32
carla zambelli,São Paulo,PL,4.2,1.6,4.5,6.4,7.22
carlos bezerra,Mato Grosso,MDB,4.7,0.7,3.6,5.5,5.48
carlos chiodini,Santa Catarina,MDB,4.0,1.5,2.4,5.5,6.58
carlos gomes,Rio Grande do Sul,REPUBLICANOS,2.7,1.1,2.1,9.1,6.54
carlos henrique gaguim,Tocantins,UNIÃO,5.1,1.6,5.5,6.4,4.48
carlos jordy,Rio de Janeiro,PL,4.0,1.8,3.3,8.2,7.46
carlos sampaio,São Paulo,PSDB,4.2,2.5,2.7,1.8,7.08
carlos veras,Pernambuco,PT,4.9,2.9,6.1,9.1,2.94
carlos zarattini,São Paulo,PT,3.5,2.5,5.2,8.2,2.93
carmen zanotto,Santa Catarina,CIDADANIA,7.0,3.6,9.1,4.5,7.3
caroline de toni,Santa Catarina,PL,4.7,0.4,3.6,5.5,7.54
cassio andrade,Pará,PSB,4.2,2.0,4.2,0.9,4.73
celina leao,Distrito Federal,PP,5.1,1.1,4.2,8.2,5.46
celio moura,Tocantins,PT,3.8,2.4,5.5,9.1,2.74
celio silveira,Goiás,MDB,4.2,1.3,2.4,5.5,6.84
celio studart,Ceará,PSD,6.3,2.2,5.8,0.9,4.93
celso maldaner,Santa Catarina,MDB,3.6,0.9,2.4,7.3,6.57
celso russomanno,São Paulo,REPUBLICANOS,3.2,1.6,4.8,7.3,6.24
celso sabino,Pará,UNIÃO,4.5,1.6,3.9,3.6,6.14
cezinha de madureira,São Paulo,PSD,4.1,0.4,3.6,8.2,6.45
charles fernandes,Bahia,PSD,3.6,0.9,2.7,0.9,5.76
charlles evangelista,Minas Gerais,PP,2.8,0.9,2.4,7.3,6.77
chico d'angelo,Rio de Janeiro,PDT,3.4,1.6,3.0,10.0,3.61
chiquinho brazao,Rio de Janeiro,UNIÃO,3.3,0.9,2.4,6.4,6.33
chris tonietto,Rio de Janeiro,PL,6.0,3.1,5.8,4.5,7.49
christiane de souza yared,Paraná,PP,3.6,0.0,2.1,4.5,6.47
christino aureo,Rio de Janeiro,PP,4.3,1.6,5.2,8.2,6.53
clarissa garotinho,Rio de Janeiro,UNIÃO,3.1,1.8,2.4,0.9,4.92
claudio cajado,Bahia,PP,1.7,1.3,1.8,8.2,6.29
cleber verde,Maranhão,REPUBLICANOS,4.1,1.3,4.2,9.1,6.3
coronel armando,Santa Catarina,PL,4.1,1.5,4.8,9.1,7.1
coronel chrisostomo,Rondônia,PL,3.3,0.5,4.5,9.1,7.33
coronel tadeu,São Paulo,PL,6.9,1.6,5.5,7.3,7.1
covatti filho,Rio Grande do Sul,PP,1.1,1.3,1.2,9.1,7.26
cristiano vale,Pará,PP,1.9,1.5,1.2,9.1,5.6
da vitoria,Espírito Santo,PP,2.6,1.5,2.1,7.3,7.21
dagoberto nogueira,Mato Grosso do Sul,PSDB,5.2,1.5,4.2,6.4,2.95
damiao feliciano,Paraíba,UNIÃO,2.4,0.2,3.0,8.2,3.65
daniel almeida,Bahia,PCdoB,4.0,2.2,3.9,10.0,2.72
daniel coelho,Pernambuco,CIDADANIA,3.2,1.8,4.5,0.9,7.76
daniel freitas,Santa Catarina,PL,3.3,0.7,4.2,7.3,7.6
daniel silveira,Rio de Janeiro,PTB,3.6,0.9,4.8,8.2,7.03
daniel trzeciak,Rio Grande do Sul,PSDB,2.3,1.3,1.8,0.9,7.87
daniela do waguinho,Rio de Janeiro,UNIÃO,3.0,0.4,2.7,5.5,6.2
danilo cabral,Pernambuco,PSB,5.3,4.4,7.0,6.4,3.61
danilo forte,Ceará,UNIÃO,1.9,1.6,1.8,4.5,7.04
danrlei de deus hinterholz,Rio Grande do Sul,PSD,1.8,0.4,2.1,5.5,6.33
darci de matos,Santa Catarina,PSD,5.2,0.5,5.2,8.2,7.44
darcisio perondi,Rio Grande do Sul,MDB,1.3,0.0,1.5,9.1,
david miranda,Rio de Janeiro,PDT,4.0,3.8,4.8,8.2,3.31
david soares,São Paulo,UNIÃO,5.3,2.7,3.6,3.6,6.5
delegado antonio furtado,Rio de Janeiro,UNIÃO,4.3,0.0,3.0,0.9,6.36
delegado eder mauro,Pará,PL,3.0,0.0,2.4,6.4,7.03
delegado marcelo freitas,Minas Gerais,UNIÃO,4.8,0.9,2.7,7.3,7.06
delegado pablo,Amazonas,UNIÃO,4.2,2.0,4.2,8.2,6.81
delegado waldir,Goiás,UNIÃO,4.5,0.9,3.0,1.8,6.54
denis bezerra,Ceará,PSB,6.0,4.4,6.1,7.3,3.53
deuzinho filho,Ceará,REPUBLICANOS,1.6,0.4,0.6,10.0,
diego andrade,Minas Gerais,PSD,4.1,1.1,3.3,9.1,5.78
diego garcia,Paraná,REPUBLICANOS,5.3,3.3,5.5,0.9,7.31
dimas fabiano,Minas Gerais,PP,1.7,1.1,1.2,8.2,5.96
domingos neto,Ceará,PSD,2.5,0.9,2.4,9.1,5.83
domingos savio,Minas Gerais,PL,3.2,0.4,2.4,8.2,6.39
dr. agripino magalhaes,Ceará,UNIÃO,0.5,0.0,0.0,10.0,4.85
dr. frederico,Minas Gerais,PATRIOTA,3.6,1.6,4.8,7.3,6.16
dr. goncalo,Maranhão,REPUBLICANOS,1.3,0.0,1.2,10.0,
dr. jaziel,Ceará,PL,4.2,1.6,3.0,4.5,6.48
dr. joao,Bahia,PROS,0.6,0.0,0.6,10.0,
dr. leonardo,Mato Grosso,REPUBLICANOS,3.5,1.8,3.0,5.5,6.72
dr. luiz antonio teixeira jr.,Rio de Janeiro,PP,4.1,0.7,6.7,8.2,6.56
dr. luiz ovando,Mato Grosso do Sul,PP,2.3,1.3,2.4,8.2,7.11
dr. sinval malheiros,São Paulo,PODE,0.6,0.5,0.3,10.0,
dr. zacharias calil,Goiás,UNIÃO,4.5,1.1,4.8,6.4,6.69
dra. soraya manato,Espírito Santo,PTB,7.6,1.3,7.3,8.2,7.51
dra. vanda milani,Acre,PROS,1.9,1.1,1.8,7.3,6.74
dulce miranda,Tocantins,MDB,2.6,1.6,3.3,5.5,6.07
edilazio junior,Maranhão,PSD,2.6,0.5,2.1,9.1,6.69
edio lopes,Roraima,PL,2.3,1.1,1.8,9.1,6.1
edmilson rodrigues,Pará,PSOL,2.4,3.5,4.8,10.0,
edna henrique,Paraíba,REPUBLICANOS,5.3,1.5,4.5,4.5,5.53
eduardo barbosa,Minas Gerais,PSDB,4.5,2.4,3.9,4.5,6.95
eduardo bismarck,Ceará,PDT,8.2,3.1,7.3,0.9,3.9
eduardo bolsonaro,São Paulo,PL,2.5,1.8,2.1,8.2,7.23
eduardo braide,Maranhão,PODE,1.9,0.4,3.6,1.8,
eduardo costa,Pará,PSD,4.8,1.6,5.5,6.4,6.93
eduardo cury,São Paulo,PSDB,4.0,2.4,2.4,1.8,7.1
eduardo da fonte,Pernambuco,PP,4.4,1.8,3.3,7.3,5.36
efraim filho,Paraíba,UNIÃO,3.9,2.0,4.5,9.1,7.1
elcione barbalho,Pará,MDB,2.5,2.0,2.7,3.6,5.6
eli borges,Tocantins,PL,3.5,1.1,2.1,1.8,5.74
eli correa filho,São Paulo,UNIÃO,2.5,0.2,2.1,9.1,6.77
elias vaz,Goiás,PSB,4.5,6.0,5.8,4.5,3.77
elmar nascimento,Bahia,UNIÃO,2.0,0.7,1.5,9.1,6.45
ely santos,São Paulo,REPUBLICANOS,0.6,0.0,0.6,10.0,
emanuel pinheiro neto,Mato Grosso,MDB,4.2,2.0,4.2,1.8,5.62
emidinho madeira,Minas Gerais,PL,1.8,0.7,2.1,0.9,6.3
eneias reis,Minas Gerais,UNIÃO,2.3,0.4,3.6,9.1,
enio verri,Paraná,PT,5.0,4.9,5.2,9.1,2.53
enrico misasi,São Paulo,MDB,3.8,1.6,2.4,0.9,6.9
erika kokay,Distrito Federal,PT,8.5,5.5,10.0,6.4,2.55
eros biondini,Minas Gerais,PL,1.9,1.8,1.8,4.5,6.78
euclydes pettersen,Minas Gerais,PSC,1.8,0.9,2.1,6.4,5.88
evair vieira de melo,Espírito Santo,PP,4.3,1.8,4.8,6.4,7.68
expedito netto,Rondônia,PSD,3.3,0.5,2.4,0.9,5.19
fabiano tolentino,Minas Gerais,CIDADANIA,1.3,0.0,0.9,10.0,
fabio faria,Rio Grande do Norte,PP,1.7,0.0,0.9,10.0,
fabio henrique,Sergipe,UNIÃO,3.9,0.7,4.5,0.9,4.25
fabio mitidieri,Sergipe,PSD,2.8,0.2,2.7,1.8,
fabio ramalho,Minas Gerais,MDB,2.4,0.2,1.8,3.6,6.35
fabio reis,Sergipe,PSD,2.4,1.8,1.5,5.5,5.49
fabio schiochet,Santa Catarina,UNIÃO,2.6,0.9,1.8,8.2,7.03
fabio trad,Mato Grosso do Sul,PSD,7.2,2.2,5.5,0.9,5.83
fausto pinato,São Paulo,PP,3.8,2.2,4.8,6.4,6.49
felicio laterca,Rio de Janeiro,PP,4.2,1.6,3.6,6.4,6.97
felipe carreras,Pernambuco,PSB,6.5,3.5,7.3,0.9,6.81
felipe francischini,Paraná,UNIÃO,4.0,0.5,2.1,8.2,7.14
felipe rigoni,Espírito Santo,UNIÃO,6.7,3.1,6.1,0.9,7.72
felix mendonca junior,Bahia,PDT,3.2,0.7,3.0,5.5,3.32
fernanda melchionna,Rio Grande do Sul,PSOL,7.7,3.8,7.0,9.1,3.41
fernando borja,Minas Gerais,AVANTE,0.5,0.0,0.6,10.0,
fernando coelho filho,Pernambuco,UNIÃO,1.6,0.9,1.2,10.0,6.31
fernando monteiro,Pernambuco,PP,2.4,1.1,2.1,8.2,5.56
fernando rodolfo,Pernambuco,PL,4.4,0.7,5.2,0.9,4.68
filipe barros,Paraná,PL,4.7,2.2,4.2,7.3,6.87
flavia arruda,Distrito Federal,PL,2.3,0.7,3.0,8.2,5.95
flavia morais,Goiás,PDT,5.2,1.1,5.5,4.5,4.05
flaviano melo,Acre,MDB,1.6,1.3,1.2,7.3,6.33
flavio nogueira,Piauí,PT,3.2,0.2,3.0,0.9,5.73
flordelis,Rio de Janeiro,PSD,2.4,0.9,1.8,9.1,
francisco jr.,Goiás,PSD,5.0,2.0,4.8,7.3,6.45
franco cartafina,Minas Gerais,PP,3.9,1.5,2.7,5.5,7.19
fred costa,Minas Gerais,PATRIOTA,6.0,0.9,4.8,6.4,7.36
frei anastacio ribeiro,Paraíba,PT,5.6,3.5,4.5,7.3,2.64
gastao vieira,Maranhão,PROS,2.6,0.7,2.4,0.9,
gelson azevedo,Rio de Janeiro,PL,1.8,0.7,0.9,9.1,6.36
genecias noronha,Ceará,PL,1.3,0.4,0.6,8.2,6.3
general girao,Rio Grande do Norte,PL,2.8,0.4,2.7,8.2,7.44
general peternelli,São Paulo,UNIÃO,4.0,1.6,5.2,6.4,7.79
geninho zuliani,São Paulo,UNIÃO,7.8,1.6,6.7,7.3,6.63
geovania de sa,Santa Catarina,PSDB,3.3,0.2,2.4,1.8,7.02
gervasio maia,Paraíba,PSB,3.6,1.6,4.8,6.4,3.08
giacobo,Paraná,PL,1.5,0.9,1.5,9.1,6.81
gil cutrim,Maranhão,REPUBLICANOS,3.1,0.9,3.6,0.9,6.9
gilberto abramo,Minas Gerais,REPUBLICANOS,4.2,0.9,3.6,10.0,6.41
gilberto nascimento,São Paulo,PSC,1.6,2.2,1.8,8.2,5.66
gilson marques,Santa Catarina,NOVO,5.6,2.9,3.0,10.0,7.97
giovani cherini,Rio Grande do Sul,PL,5.2,1.6,5.2,8.2,6.77
giovani feltes,Rio Grande do Sul,MDB,1.4,0.9,0.6,6.4,6.24
glauber braga,Rio de Janeiro,PSOL,3.6,3.8,6.4,9.1,3.11
gleisi hoffmann,Paraná,PT,4.2,3.5,4.8,9.1,2.35
gonzaga patriota,Pernambuco,PSB,2.8,2.4,2.7,6.4,3.37
gorete pereira,Ceará,PL,0.1,0.0,0.3,10.0,
greyce elias,Minas Gerais,AVANTE,3.3,1.3,3.6,7.3,6.36
guiga peixoto,São Paulo,PSC,3.6,1.5,2.4,3.6,7.95
guilherme mussi,São Paulo,PP,1.4,0.9,1.5,9.1,5.86
gurgel,Rio de Janeiro,PL,4.1,1.6,3.0,8.2,7.41
gustavo fruet,Paraná,PDT,5.1,4.0,3.3,3.6,4.01
gustinho ribeiro,Sergipe,REPUBLICANOS,2.6,0.5,2.7,8.2,6.47
gutemberg reis,Rio de Janeiro,MDB,3.0,0.5,4.2,7.3,5.46
haroldo cathedral,Roraima,PSD,1.7,1.3,2.1,7.3,5.71
heitor freire,Ceará,UNIÃO,4.4,1.5,3.3,7.3,7.16
heitor schuch,Rio Grande do Sul,PSB,3.3,1.6,3.3,6.4,3.88
helder salomao,Espírito Santo,PT,7.2,2.5,5.2,9.1,2.62
helio costa,Santa Catarina,PSD,2.4,0.2,1.5,1.8,6.61
helio leite,Pará,UNIÃO,2.5,0.0,2.1,7.3,6.29
helio lopes,Rio de Janeiro,PL,5.1,1.5,3.9,9.1,7.17
henrique do paraiso,São Paulo,REPUBLICANOS,0.6,0.0,1.2,10.0,
henrique fontana,Rio Grande do Sul,PT,3.3,3.5,4.2,8.2,2.18
hercilio coelho diniz,Minas Gerais,MDB,3.1,0.0,3.3,4.5,6.71
herculano passos,São Paulo,REPUBLICANOS,2.5,1.3,4.5,7.3,4.43
hermes parcianello,Paraná,MDB,1.4,0.9,0.6,3.6,6.39
hildo rocha,Maranhão,MDB,6.4,2.2,5.8,2.7,5.93
hiran goncalves,Roraima,PP,3.6,0.5,3.0,9.1,6.8
hugo leal,Rio de Janeiro,PSD,5.3,3.5,5.5,7.3,7.16
hugo motta,Paraíba,REPUBLICANOS,3.5,0.9,2.1,8.2,6.3
idilvan alencar,Ceará,PDT,2.7,2.0,3.9,1.8,3.64
igor kannario,Bahia,UNIÃO,2.5,0.0,1.5,6.4,6.92
igor timo,Minas Gerais,PODE,3.6,1.5,4.8,7.3,6.51
iracema portella,Piauí,PP,1.9,0.7,1.5,9.1,5.78
isnaldo bulhoes jr.,Alagoas,MDB,3.5,0.2,3.0,8.2,6.63
ivan valente,São Paulo,PSOL,6.6,4.2,5.8,9.1,3.05
jandira feghali,Rio de Janeiro,PCdoB,5.6,3.8,6.4,9.1,2.94
jaqueline cassol,Rondônia,PP,3.6,1.5,3.9,6.4,6.4
jefferson campos,São Paulo,PL,3.2,2.4,0.9,0.9,6.43
jeronimo goergen,Rio Grande do Sul,PP,5.0,1.1,7.3,5.5,7.33
jessica sales,Acre,MDB,2.7,0.4,2.1,1.8,5.92
jesus sergio,Acre,PDT,4.1,2.5,3.3,4.5,4.17
jhonatan de jesus,Roraima,REPUBLICANOS,3.0,0.2,2.4,8.2,6.63
joao campos,Goiás,REPUBLICANOS,2.8,0.7,2.7,7.3,6.13
joao carlos bacelar,Bahia,PL,1.8,0.5,2.1,9.1,5.02
joao daniel,Sergipe,PT,6.0,2.7,6.1,8.2,2.61
joao h. campos,Pernambuco,PSB,3.9,2.4,5.2,8.2,
joao maia,Rio Grande do Norte,PL,3.2,1.1,2.1,10.0,7.25
joao marcelo souza,Maranhão,MDB,1.7,0.2,1.8,9.1,5.6
joao roma,Bahia,PL,3.2,0.5,2.4,8.2,6.12
joaquim passarinho,Pará,PL,3.9,1.6,3.0,3.6,7.75
joenia wapichana,Roraima,REDE,5.2,2.7,5.8,10.0,3.67
joice hasselmann,São Paulo,PSDB,4.2,2.0,3.3,0.9,7.87
jones moura,Rio de Janeiro,PSD,0.5,0.2,0.9,10.0,7.39
jorge braz,Rio de Janeiro,REPUBLICANOS,2.3,1.1,1.5,9.1,6.28
jorge goetten,Santa Catarina,PL,0.5,0.0,0.3,10.0,
jorge solla,Bahia,PT,5.5,4.4,6.4,9.1,1.95
jose airton felix cirilo,Ceará,PT,4.4,0.7,3.6,8.2,2.58
jose guimaraes,Ceará,PT,6.9,2.2,4.8,8.2,2.75
jose mario schreiner,Goiás,MDB,4.2,1.8,2.1,6.4,7.15
jose medeiros,Mato Grosso,PL,7.2,0.9,3.9,0.9,6.71
jose nelto,Goiás,PP,6.0,1.3,6.1,6.4,6.3
jose nunes,Bahia,PSD,1.6,0.0,0.9,6.4,
jose priante,Pará,MDB,1.4,0.2,0.6,8.2,5.07
jose ricardo,Amazonas,PT,5.7,3.3,5.8,7.3,2.65
jose rocha,Bahia,UNIÃO,1.9,0.2,3.9,9.1,6.3
joseildo ramos,Bahia,PT,3.6,2.2,4.8,8.2,2.94
josimar maranhaozinho,Maranhão,PL,1.4,0.0,0.9,9.1,4.78
josivaldo jp,Maranhão,PSD,0.9,0.2,1.2,10.0,6.82
juarez costa,Mato Grosso,MDB,2.5,1.5,1.8,4.5,5.81
julian lemos,Paraíba,UNIÃO,3.0,1.1,1.8,5.5,7.06
julio cesar,Piauí,PSD,2.6,0.9,2.1,9.1,6.72
julio cesar ribeiro,Distrito Federal,REPUBLICANOS,7.2,2.0,6.1,9.1,6.41
julio delgado,Minas Gerais,PV,4.2,2.4,3.3,1.8,3.82
julio lopes,Rio de Janeiro,PP,1.0,0.9,1.5,10.0,
juninho do pneu,Rio de Janeiro,UNIÃO,5.1,0.7,4.8,9.1,6.5
junio amaral,Minas Gerais,PL,4.1,0.7,2.4,3.6,7.35
junior ferrari,Pará,PSD,2.8,0.2,1.8,2.7,7.8
junior lourenco,Maranhão,PL,1.0,0.0,1.5,10.0,6.39
junior mano,Ceará,PL,3.1,0.4,3.6,9.1,5.84
juscelino filho,Maranhão,UNIÃO,2.3,0.9,2.4,9.1,5.68
kim kataguiri,São Paulo,UNIÃO,9.0,3.3,6.1,0.9,7.85
laercio oliveira,Sergipe,PP,3.4,1.5,4.5,7.3,7.54
lafayette de andrada,Minas Gerais,REPUBLICANOS,4.1,0.2,3.9,9.1,6.09
laura carneiro,Rio de Janeiro,UNIÃO,0.6,0.7,0.6,10.0,
lauriete,Espírito Santo,PSC,4.2,1.1,2.4,8.2,6.18
leandre,Paraná,PSD,4.7,3.8,3.9,0.9,5.44
leda sadala,Amapá,PP,2.2,1.8,2.4,7.3,6.0
leo de brito,Acre,PT,3.1,3.8,3.9,10.0,4.03
leo moraes,Rondônia,PODE,7.3,2.2,6.4,0.9,6.62
leo motta,Minas Gerais,REPUBLICANOS,1.9,0.2,2.1,0.9,5.97
leonardo gadelha,Paraíba,PSC,1.4,0.0,1.2,10.0,
leonardo monteiro,Minas Gerais,PT,3.6,3.8,7.9,8.2,2.8
leonardo picciani,Rio de Janeiro,MDB,0.8,0.7,0.9,8.2,
leonidas cristino,Ceará,PDT,2.2,2.0,2.7,8.2,3.15
leur lomanto junior,Bahia,UNIÃO,2.2,0.0,2.7,6.4,6.47
lidice da mata,Bahia,PSB,5.5,2.4,7.0,6.4,2.47
lincoln portela,Minas Gerais,PL,5.2,1.5,4.2,6.4,7.4
liziane bayer,Rio Grande do Sul,REPUBLICANOS,3.2,1.3,2.4,0.9,6.98
loester trutis,Mato Grosso do Sul,PL,3.9,1.1,4.5,5.5,7.21
lourival gomes,Rio de Janeiro,PP,2.2,1.6,1.2,6.4,6.96
lucas gonzalez,Minas Gerais,NOVO,6.0,3.1,4.8,10.0,7.49
lucas redecker,Rio Grande do Sul,PSDB,4.5,2.2,4.8,0.9,8.07
lucas vergilio,Goiás,SOLIDARIEDADE,3.9,1.6,3.3,5.5,6.66
luciano bivar,Pernambuco,UNIÃO,1.5,1.3,0.6,8.2,5.84
luciano ducci,Paraná,PSB,3.6,1.6,3.9,0.9,3.82
lucio mosquini,Rondônia,MDB,3.4,2.4,3.0,5.5,4.96
luis miranda,Distrito Federal,REPUBLICANOS,8.2,3.6,6.1,5.5,7.24
luis tibe,Minas Gerais,AVANTE,2.3,0.0,2.4,9.1,6.09
luisa canziani,Paraná,PSD,3.5,2.9,3.9,6.4,6.99
luiz antonio correa,Rio de Janeiro,PP,2.0,0.2,1.8,8.2,6.26
luiz carlos,Amapá,PSDB,1.5,1.3,1.8,8.2,6.55
luiz carlos motta,São Paulo,PL,3.0,0.9,3.3,7.3,6.68
luiz flavio gomes,São Paulo,PSB,2.6,0.9,1.5,6.4,
luiz lima,Rio de Janeiro,PL,6.5,1.6,3.9,8.2,7.69
luiz nishimori,Paraná,PSD,2.5,1.6,2.1,8.2,6.59
luiz philippe de orleans e braganca,São Paulo,PL,6.7,1.3,4.8,1.8,7.78
luiza erundina,São Paulo,PSOL,4.2,3.6,5.2,7.3,2.97
luizao goulart,Paraná,SOLIDARIEDADE,5.6,0.4,3.6,7.3,6.5
luizianne lins,Ceará,PT,3.4,3.6,4.5,9.1,3.15
magda mofatto,Goiás,PL,2.8,2.4,2.1,8.2,5.32
major fabiana,Rio de Janeiro,PL,3.2,1.1,3.3,9.1,7.2
manuel marcos,Acre,REPUBLICANOS,1.5,0.9,1.2,10.0,
mara rocha,Acre,MDB,4.1,1.5,3.6,0.9,6.24
marcao gomes,Rio de Janeiro,PL,0.7,0.0,0.6,10.0,
marcel van hattem,Rio Grande do Sul,NOVO,3.4,2.4,5.2,8.2,7.66
marcelo alvaro antonio,Minas Gerais,PL,1.0,0.4,0.9,9.1,7.2
marcelo aro,Minas Gerais,PP,2.5,1.3,2.7,8.2,5.36
marcelo brum,Rio Grande do Sul,REPUBLICANOS,4.4,0.5,2.1,8.2,
marcelo calero,Rio de Janeiro,PSD,3.4,2.9,4.2,4.5,7.93
marcelo freixo,Rio de Janeiro,PSB,5.2,4.4,5.8,8.2,3.37
marcelo moraes,Rio Grande do Sul,PL,2.5,1.3,3.0,6.4,
marcelo nilo,Bahia,REPUBLICANOS,2.4,0.4,3.0,5.5,4.05
marcelo ramos,Amazonas,PSD,6.4,2.0,5.5,0.9,6.97
marcio alvino,São Paulo,PL,1.6,1.1,3.9,9.1,7.22
marcio biolchi,Rio Grande do Sul,MDB,1.9,0.2,0.6,5.5,6.89
marcio jerry,Maranhão,PCdoB,2.2,0.9,3.0,10.0,
marcio labre,Rio de Janeiro,PL,3.1,0.9,2.1,7.3,7.33
marcio marinho,Bahia,REPUBLICANOS,2.7,0.2,4.5,9.1,5.96
marco bertaiolli,São Paulo,PSD,3.3,1.1,4.2,5.5,8.02
marcon,Rio Grande do Sul,PT,3.9,3.8,4.8,7.3,2.56
marcos aurelio sampaio,Piauí,PSD,2.0,0.2,2.1,9.1,6.22
marcos pereira,São Paulo,REPUBLICANOS,3.5,0.9,2.7,7.3,6.93
marcos soares,Rio de Janeiro,UNIÃO,0.8,0.4,1.2,7.3,5.81
margarete coelho,Piauí,PP,4.8,0.7,4.5,8.2,6.32
margarida salomao,Minas Gerais,PT,3.0,2.2,5.5,10.0,
maria do rosario,Rio Grande do Sul,PT,7.2,2.5,6.4,8.2,2.62
maria rosas,São Paulo,REPUBLICANOS,3.6,1.3,3.0,10.0,5.9
mariana carvalho,Rondônia,REPUBLICANOS,3.1,2.4,4.8,5.5,
marilia arraes,Pernambuco,SOLIDARIEDADE,5.3,2.7,5.2,9.1,2.77
marina santos,Piauí,REPUBLICANOS,2.7,1.1,2.4,8.2,6.5
mario heringer,Minas Gerais,PDT,5.5,2.2,3.6,8.2,3.76
mario negromonte jr.,Bahia,PP,2.4,0.9,1.8,5.5,5.65
marlon santos,Rio Grande do Sul,PL,1.7,0.7,1.8,0.9,6.5
marreca filho,Maranhão,PATRIOTA,4.9,2.2,3.3,6.4,6.82
marx beltrao,Alagoas,PP,2.7,1.1,2.4,6.4,6.32
mauricio dziedricki,Rio Grande do Sul,PODE,3.3,0.0,3.0,6.4,7.16
mauro benevides filho,Ceará,PDT,1.6,1.8,2.1,9.1,5.47
mauro lopes,Minas Gerais,PP,2.6,0.9,2.7,7.3,6.2
mauro nazif,Rondônia,PSB,7.0,0.7,5.2,0.9,4.65
merlong solano,Piauí,PT,2.8,2.7,3.0,8.2,3.32
miguel haddad,São Paulo,PSDB,0.7,0.9,0.6,8.2,
miguel lombardi,São Paulo,PL,2.4,1.5,1.8,6.4,7.26
milton coelho,Pernambuco,PSB,1.7,1.1,2.4,7.3,3.97
milton vieira,São Paulo,REPUBLICANOS,2.4,0.9,1.8,10.0,6.16
misael varella,Minas Gerais,PSD,1.7,1.1,1.5,7.3,6.03
moses rodrigues,Ceará,UNIÃO,2.3,1.5,1.8,8.2,
natalia bonavides,Rio Grande do Norte,PT,6.3,2.5,5.2,9.1,2.51
nelson barbudo,Mato Grosso,PL,3.2,0.7,2.1,9.1,7.42
nelson pellegrino,Bahia,PT,1.6,1.8,1.8,10.0,
nereu crispim,Rio Grande do Sul,PSD,5.5,1.1,6.1,3.6,6.79
neri geller,Mato Grosso,PP,2.7,0.7,2.1,10.0,6.62
neucimar fraga,Espírito Santo,PP,2.4,1.1,1.8,8.2,6.9
newton cardoso jr,Minas Gerais,MDB,2.7,1.1,4.5,5.5,5.65
ney leprevost,Paraná,UNIÃO,1.6,0.0,1.2,10.0,
nicoletti,Roraima,UNIÃO,4.8,1.6,3.3,7.3,6.86
nilson f. stainsack,Santa Catarina,PP,0.5,0.0,0.3,0.0,
nilson pinto,Pará,PSDB,1.5,1.1,1.8,8.2,6.43
nilto tatto,São Paulo,PT,6.9,4.4,5.2,9.1,2.89
nivaldo albuquerque,Alagoas,REPUBLICANOS,4.4,1.5,3.9,8.2,6.87
norma ayub,Espírito Santo,PP,3.5,1.3,3.6,2.7,5.49
norma pereira,Santa Catarina,PSDB,0.2,0.0,0.6,10.0,
odair cunha,Minas Gerais,PT,2.2,1.3,4.5,7.3,2.78
odorico monteiro,Ceará,PSB,1.3,0.5,1.2,10.0,
olival marques,Pará,MDB,2.2,0.4,1.5,8.2,6.48
orlando silva,São Paulo,PCdoB,5.0,2.7,6.7,8.2,2.5
osires damaso,Tocantins,PSC,2.4,1.1,2.4,7.3,
osmar terra,Rio Grande do Sul,MDB,1.4,0.9,1.5,2.7,6.54
ossesio silva,Pernambuco,REPUBLICANOS,3.6,1.8,3.3,10.0,6.25
otavio leite,Rio de Janeiro,PSDB,2.0,1.1,2.1,7.3,
otoni de paula,Rio de Janeiro,MDB,3.4,0.5,3.9,6.4,6.9
ottaci nascimento,Roraima,SOLIDARIEDADE,1.6,0.0,1.8,8.2,6.42
otto alencar filho,Bahia,PSD,4.3,0.9,3.0,0.9,5.36
padre joao,Minas Gerais,PT,4.0,2.2,6.4,9.1,2.57
paes landim,Piauí,UNIÃO,0.8,0.4,1.8,10.0,
pastor eurico,Pernambuco,PL,4.0,1.3,3.3,8.2,7.39
pastor gil,Maranhão,PL,3.4,0.7,3.3,7.3,6.14
pastor sargento isidorio,Bahia,AVANTE,4.2,0.0,2.4,0.9,4.08
patricia ferraz,Amapá,PODE,2.0,0.4,2.7,10.0,6.84
patrick dorneles,Paraíba,PSD,0.5,0.4,0.0,9.1,
patrus ananias,Minas Gerais,PT,5.3,4.4,5.5,9.1,2.91
paula belmonte,Distrito Federal,CIDADANIA,6.4,3.6,8.8,0.9,7.99
paulao,Alagoas,PT,3.5,2.2,4.8,9.1,2.82
paulo abi-ackel,Minas Gerais,PSDB,3.0,1.1,2.1,7.3,6.05
paulo azi,Bahia,UNIÃO,2.4,1.1,2.7,7.3,6.55
paulo bengtson,Pará,PTB,6.0,0.9,3.9,7.3,6.33
paulo eduardo martins,Paraná,PL,4.7,1.3,3.0,0.9,7.73
paulo freire costa,São Paulo,PL,1.7,1.3,0.9,8.2,7.14
paulo ganime,Rio de Janeiro,NOVO,6.3,4.7,5.5,9.1,7.82
paulo guedes,Minas Gerais,PT,3.5,2.4,5.8,9.1,3.22
paulo magalhaes,Bahia,PSD,2.0,0.4,0.9,4.5,6.84
paulo marinho jr,Maranhão,PL,0.6,0.0,0.3,10.0,
paulo pimenta,Rio Grande do Sul,PT,4.4,3.5,5.8,8.2,2.1
paulo ramos,Rio de Janeiro,PDT,5.9,3.5,5.5,6.4,3.14
paulo teixeira,São Paulo,PT,7.0,4.4,8.5,9.1,2.3
paulo vicente caleffi,Rio Grande do Sul,PSD,1.1,0.0,1.2,9.1,
pedro augusto bezerra,Ceará,PDT,4.4,1.3,4.5,0.9,6.24
pedro augusto palareti,Rio de Janeiro,PP,1.1,0.5,0.6,8.2,7.33
pedro cunha lima,Paraíba,PSDB,2.6,2.4,2.7,3.6,7.83
pedro dalua,Amapá,PSC,0.5,0.2,0.9,10.0,
pedro lucas fernandes,Maranhão,UNIÃO,4.8,1.5,3.6,6.4,6.64
pedro lupion,Paraná,PP,4.4,1.3,3.6,5.5,6.84
pedro paulo,Rio de Janeiro,PSD,1.8,1.5,1.8,8.2,6.98
pedro uczai,Santa Catarina,PT,5.6,3.6,7.3,8.2,2.65
pedro vilela,Alagoas,PSDB,2.2,1.8,2.4,7.3,7.89
pedro westphalen,Rio Grande do Sul,PP,3.6,0.9,4.8,9.1,7.35
perpetua almeida,Acre,PCdoB,7.0,2.4,7.9,8.2,2.87
pinheirinho,Minas Gerais,PP,3.5,1.3,2.7,9.1,6.46
policial katia sastre,São Paulo,PL,3.8,1.5,3.6,6.4,6.48
pompeo de mattos,Rio Grande do Sul,PDT,8.0,0.7,7.0,3.6,3.69
pr. marco feliciano,São Paulo,PL,2.2,2.0,2.1,6.4,6.09
professor alcides,Goiás,PL,2.4,1.1,2.4,9.1,6.77
professor israel batista,Distrito Federal,PSB,5.2,3.3,6.7,0.9,4.14
professor joziel,Rio de Janeiro,PATRIOTA,3.0,1.3,1.8,6.4,6.54
professora dayane pimentel,Bahia,UNIÃO,2.8,1.3,2.4,0.9,7.27
professora dorinha seabra rezende,Tocantins,UNIÃO,4.4,1.8,5.2,2.7,
professora marcivania,Amapá,PCdoB,2.8,2.5,3.3,9.1,2.98
professora rosa neide,Mato Grosso,PT,5.7,4.0,7.0,8.2,2.98
rachel marques,Ceará,PT,0.2,0.0,0.3,0.0,
rafael motta,Rio Grande do Norte,PSB,4.1,3.1,4.2,6.4,3.86
rafafa,Paraíba,PSDB,0.8,0.0,1.2,9.1,
raimundo costa,Bahia,PODE,2.3,1.3,1.5,6.4,6.38
raul henry,Pernambuco,MDB,2.2,1.3,2.1,0.9,6.23
reginaldo lopes,Minas Gerais,PT,6.5,4.0,7.0,8.2,2.65
reinhold stephanes junior,Paraná,PSD,3.1,1.3,2.1,5.5,
rejane dias,Piauí,PT,7.0,4.2,6.4,7.3,2.9
renata abreu,São Paulo,PODE,5.5,1.6,4.8,3.6,
renildo calheiros,Pernambuco,PCdoB,4.2,1.6,2.7,10.0,3.06
ricardo barros,Paraná,PP,2.6,0.9,4.2,7.3,6.78
ricardo da karol,Rio de Janeiro,PDT,0.7,0.0,0.6,9.1,6.45
ricardo guidi,Santa Catarina,PSD,2.2,0.5,1.2,8.2,6.93
ricardo izar,São Paulo,REPUBLICANOS,4.7,2.5,5.5,0.9,5.35
ricardo pericar,Rio de Janeiro,UNIÃO,0.7,0.0,0.9,10.0,
ricardo silva,São Paulo,PSD,4.8,2.5,3.3,0.9,6.33
ricardo teobaldo,Pernambuco,PODE,1.8,1.1,1.2,5.5,5.81
roberio monteiro,Ceará,PDT,1.9,0.0,1.5,6.4,3.92
roberto alves,São Paulo,REPUBLICANOS,3.9,1.6,2.7,10.0,6.07
roberto de lucena,São Paulo,REPUBLICANOS,5.6,0.5,6.4,4.5,6.95
roberto pessoa,Ceará,PSDB,2.7,1.1,4.5,10.0,
rodrigo agostinho,São Paulo,PSB,7.4,3.3,4.5,0.9,5.01
rodrigo coelho,Santa Catarina,PODE,4.3,1.5,5.8,0.9,7.91
rodrigo de castro,Minas Gerais,UNIÃO,3.3,0.2,3.0,6.4,6.65
rodrigo maia,Rio de Janeiro,S.PART.,1.5,1.8,0.9,0.9,
rogerio correia,Minas Gerais,PT,6.3,2.5,8.8,9.1,2.6
rogerio peninha mendonca,Santa Catarina,MDB,3.0,0.2,2.4,0.9,7.38
ronaldo carletto,Bahia,PP,2.2,2.9,1.5,10.0,6.5
ronaldo martins,Ceará,REPUBLICANOS,0.6,0.4,0.9,10.0,6.65
rosana valle,São Paulo,PL,4.0,2.2,4.2,0.9,6.28
rosangela gomes,Rio de Janeiro,REPUBLICANOS,2.6,1.5,2.4,5.5,6.12
rose modesto,Mato Grosso do Sul,UNIÃO,3.9,1.5,3.6,0.9,5.92
rubens bueno,Paraná,CIDADANIA,5.5,2.2,3.3,2.7,7.04
rubens otoni,Goiás,PT,5.8,3.5,5.8,10.0,3.14
rubens pereira junior,Maranhão,PT,4.0,0.4,2.4,9.1,5.29
rui falcao,São Paulo,PT,3.4,2.2,5.5,9.1,2.6
ruy carneiro,Paraíba,PSC,2.6,1.1,1.8,2.7,6.26
samia bomfim,São Paulo,PSOL,5.8,2.7,6.4,10.0,2.91
samuel moreira,São Paulo,PSDB,2.8,1.3,2.1,0.9,7.76
sanderson,Rio Grande do Sul,PL,7.0,2.2,5.2,8.2,7.31
santini,Rio Grande do Sul,PTB,3.0,0.5,4.8,9.1,
sargento fahur,Paraná,PSD,2.7,1.5,1.5,0.9,7.39
schiavinato,Paraná,PP,2.6,1.3,2.4,10.0,
sebastiao oliveira,Pernambuco,AVANTE,2.3,0.2,2.1,9.1,6.57
sergio brito,Bahia,PSD,1.4,0.0,1.5,9.1,6.34
sergio souza,Paraná,MDB,3.1,1.5,3.3,6.4,6.9
sergio toledo,Alagoas,PV,2.3,0.7,1.5,8.2,6.24
sergio vidigal,Espírito Santo,PDT,2.7,1.5,4.5,7.3,
severino pessoa,Alagoas,MDB,2.4,0.2,1.8,8.2,6.02
sheridan,Roraima,PSDB,3.5,0.4,2.4,3.6,5.9
sidney leite,Amazonas,PSD,3.3,3.3,3.0,2.7,5.96
silas camara,Amazonas,REPUBLICANOS,3.1,2.2,3.0,8.2,5.77
silvia cristina,Rondônia,PL,3.0,0.5,3.3,0.9,5.12
silvio costa filho,Pernambuco,REPUBLICANOS,3.1,1.1,3.6,6.4,6.81
simplicio araujo,Maranhão,SOLIDARIEDADE,0.7,0.4,0.3,0.0,
soraya santos,Rio de Janeiro,PL,3.9,1.5,3.0,6.4,6.84
sostenes cavalcante,Rio de Janeiro,PL,4.2,1.8,2.1,3.6,5.44
stefano aguiar,Minas Gerais,PSD,1.8,2.0,0.9,6.4,5.87
subtenente gonzaga,Minas Gerais,PSD,5.8,2.0,4.8,2.7,4.04
tabata amaral,São Paulo,PSB,7.5,4.0,6.7,0.9,6.33
tadeu alencar,Pernambuco,PSB,3.9,3.3,4.2,7.3,3.6
taliria petrone,Rio de Janeiro,PSOL,7.2,2.9,6.4,9.1,3.39
ted conti,Espírito Santo,PSB,3.4,1.6,3.9,2.7,
tereza cristina,Mato Grosso do Sul,PP,0.5,0.5,0.9,10.0,
tereza nelma,Alagoas,PSD,5.0,2.7,7.0,0.9,4.97
tia eron,Bahia,REPUBLICANOS,2.0,0.5,1.8,10.0,
tiago dimas,Tocantins,PODE,3.9,1.6,3.3,6.4,6.39
tiago mitraud,Minas Gerais,NOVO,4.2,3.5,5.2,10.0,7.79
tiririca,São Paulo,PL,2.2,1.3,0.9,0.9,3.73
tito,Bahia,AVANTE,2.0,1.1,1.5,4.5,7.22
toninho wandscheer,Paraná,PROS,2.3,0.7,1.8,7.3,6.43
totonho lopes,Ceará,PDT,0.7,0.0,1.2,10.0,
tulio gadelha,Pernambuco,REDE,5.1,2.7,5.5,0.9,3.5
uldurico junior,Bahia,MDB,1.9,1.3,1.2,4.5,6.7
vaidon oliveira,Ceará,UNIÃO,1.6,0.9,1.5,6.4,
valdevan noventa,Sergipe,PL,2.0,0.9,1.5,0.9,
valmir assuncao,Bahia,PT,4.2,2.4,4.2,8.2,2.63
valtenir pereira,Mato Grosso,MDB,3.0,1.1,2.7,8.2,
vander loubet,Mato Grosso do Sul,PT,3.1,3.5,4.8,7.3,2.07
vanderlei macris,São Paulo,PSDB,2.5,0.7,1.2,0.9,7.06
vava martins,Pará,REPUBLICANOS,2.7,0.4,2.1,8.2,5.97
vermelho,Paraná,PL,3.0,0.5,2.1,8.2,6.21
vicentinho,São Paulo,PT,3.9,4.2,4.5,9.1,2.85
vicentinho junior,Tocantins,PP,3.0,0.2,3.0,10.0,6.52
victor mendes,Maranhão,MDB,0.5,0.4,0.6,10.0,
vilson da fetaemg,Minas Gerais,PSB,4.5,0.5,4.5,7.3,3.68
vinicius carvalho,São Paulo,REPUBLICANOS,4.7,1.1,2.4,9.1,6.56
vinicius farah,Rio de Janeiro,UNIÃO,3.4,1.8,3.6,8.2,5.49
vinicius gurgel,Amapá,PL,1.3,0.9,1.2,10.0,
vinicius poit,São Paulo,NOVO,3.5,2.7,3.9,10.0,7.88
vitor hugo,Goiás,PL,5.0,0.7,3.6,9.1,
vitor lippi,São Paulo,PSDB,3.6,1.3,4.8,3.6,6.93
vivi reis,Pará,PSOL,2.5,2.5,4.5,10.0,1.64
waldenor pereira,Bahia,PT,3.4,3.6,5.2,8.2,2.71
walter alves,Rio Grande do Norte,MDB,2.7,1.6,2.1,9.1,6.01
weliton prado,Minas Gerais,PROS,4.0,1.6,3.0,0.9,4.78
wellington roberto,Paraíba,PL,2.8,1.6,2.4,10.0,5.76
wilson santiago,Paraíba,REPUBLICANOS,4.1,0.9,3.9,8.2,4.29
wladimir garotinho,Rio de Janeiro,PSD,2.3,1.1,1.8,8.2,
wolney queiroz,Pernambuco,PDT,4.2,4.0,3.3,9.1,3.49
ze augusto nalin,Rio de Janeiro,UNIÃO,0.5,0.0,1.2,10.0,
ze carlos,Maranhão,PT,3.1,2.0,6.4,7.3,2.78
ze neto,Bahia,PT,4.2,1.1,5.5,7.3,3.2
ze silva,Minas Gerais,SOLIDARIEDADE,4.3,0.5,3.6,6.4,6.47
ze vitor,Minas Gerais,PL,5.8,1.8,4.5,6.4,6.22
zeca dirceu,Paraná,PT,3.2,3.1,4.5,8.2,2.91
